CustomerID,CustomerName,Gender,Age,City,Region
CUST00001,Daniel Nguyen,Male,57,Multan,Islamabad
CUST00002,Todd Johnson,Female,24,Islamabad,Islamabad
CUST00003,April Johnson,Female,49,Karachi,Balochistan
CUST00004,Melanie Suarez,Female,36,Rawalpindi,KPK
CUST00005,Laura Duke,Male,23,Islamabad,Sindh
CUST00006,John Brewer,Male,37,Rawalpindi,Punjab
CUST00007,Richard Haley,Male,44,Peshawar,Islamabad
CUST00008,Michael Rich,Female,60,Islamabad,KPK
CUST00009,Erica Kaiser,Female,54,Peshawar,KPK
CUST00010,Ricardo Mathews,Female,24,Islamabad,Punjab
CUST00011,Eddie Graves,Male,22,Rawalpindi,Punjab
CUST00012,Kevin Walters,Female,28,Lahore,KPK
CUST00013,Theresa Steele,Female,32,Rawalpindi,Punjab
CUST00014,Robert Harris,Male,20,Peshawar,KPK
CUST00015,Dr. William Smith,Male,22,Rawalpindi,Punjab
CUST00016,Jasmine Peterson,Male,40,Quetta,Punjab
CUST00017,Julie Valentine,Male,54,Quetta,KPK
CUST00018,Leonard Williams,Male,26,Islamabad,Balochistan
CUST00019,Anna Stewart,Male,32,Quetta,KPK
CUST00020,Kelly Rodriguez,Male,20,Karachi,Sindh
CUST00021,Christina Romero,Female,46,Islamabad,Punjab
CUST00022,Jared Sims,Male,23,Quetta,Islamabad
CUST00023,James Hernandez,Male,34,Faisalabad,Punjab
CUST00024,Misty Nunez,Male,43,Rawalpindi,Sindh
CUST00025,Timothy Stewart,Male,38,Multan,Islamabad
CUST00026,Roy Cox,Female,25,Rawalpindi,Islamabad
CUST00027,Anthony Bailey,Male,38,Quetta,KPK
CUST00028,Troy Brown,Male,28,Lahore,Balochistan
CUST00029,Damon Simon,Female,55,Peshawar,KPK
CUST00030,Aaron Lewis,Male,25,Multan,Islamabad
CUST00031,Tanya Hayes,Female,59,Islamabad,Islamabad
CUST00032,Ryan Moore,Male,41,Lahore,Balochistan
CUST00033,Oscar Calderon,Male,52,Rawalpindi,Punjab
CUST00034,Jonathon Villarreal,Female,31,Quetta,Balochistan
CUST00035,Heather Shaffer,Female,31,Islamabad,KPK
CUST00036,Charles Bentley,Female,27,Islamabad,Punjab
CUST00037,Angela Mooney,Male,29,Faisalabad,KPK
CUST00038,Victoria Hunter,Male,55,Faisalabad,Balochistan
CUST00039,Tony Vasquez,Female,61,Quetta,Punjab
CUST00040,Sheila Edwards,Male,63,Quetta,Balochistan
CUST00041,Heather Campos,Male,51,Karachi,Sindh
CUST00042,Jennifer Anderson,Male,58,Faisalabad,Islamabad
CUST00043,Chad Barrett,Male,27,Peshawar,Punjab
CUST00044,Ashlee Cruz,Female,34,Multan,Islamabad
CUST00045,Bethany Evans,Male,34,Islamabad,Sindh
CUST00046,Dr. Melissa Friedman,Female,20,Faisalabad,Punjab
CUST00047,Kenneth Stokes,Male,48,Quetta,Islamabad
CUST00048,William Mayer,Male,18,Karachi,Islamabad
CUST00049,Amanda Goodwin,Male,29,Quetta,Punjab
CUST00050,Catherine Silva,Male,56,Quetta,Islamabad
CUST00051,Matthew Hickman,Female,21,Quetta,Islamabad
CUST00052,Michelle Williams,Female,59,Rawalpindi,Punjab
CUST00053,Jacqueline Bishop,Female,30,Multan,Islamabad
CUST00054,Andrea Sims MD,Female,51,Faisalabad,Islamabad
CUST00055,Bradley Fields,Female,59,Islamabad,KPK
CUST00056,Darren Thompson,Female,38,Rawalpindi,KPK
CUST00057,Tammy Scott,Male,39,Quetta,Sindh
CUST00058,Eric Cordova,Male,21,Peshawar,KPK
CUST00059,Erin Duncan PhD,Male,35,Islamabad,KPK
CUST00060,Dr. Michael Stephens,Male,22,Rawalpindi,Sindh
CUST00061,Nicholas Soto,Male,36,Peshawar,Islamabad
CUST00062,Dana Williams,Male,19,Peshawar,Islamabad
CUST00063,Bryan Williams,Female,29,Multan,KPK
CUST00064,Garrett Shepard,Male,34,Islamabad,Sindh
CUST00065,Deborah Brown,Male,27,Faisalabad,Islamabad
CUST00066,Deanna Carr,Male,51,Faisalabad,Balochistan
CUST00067,Joshua Boyer,Male,23,Karachi,Punjab
CUST00068,William Wall,Female,25,Rawalpindi,Punjab
CUST00069,Michelle Carter,Male,28,Karachi,Punjab
CUST00070,Jennifer Davis,Female,29,Lahore,KPK
CUST00071,Kenneth Carter,Female,26,Faisalabad,Punjab
CUST00072,Kimberly Green,Male,19,Rawalpindi,Punjab
CUST00073,Daniel Clark,Male,25,Multan,Balochistan
CUST00074,Michael Brown,Female,28,Karachi,Islamabad
CUST00075,Phillip Manning,Female,53,Multan,Balochistan
CUST00076,Thomas Russell MD,Female,27,Multan,KPK
CUST00077,John Erickson,Female,38,Quetta,Punjab
CUST00078,Jack Mills,Male,37,Quetta,Islamabad
CUST00079,Kristine Patel,Male,25,Multan,Punjab
CUST00080,Lisa Bruce,Male,53,Karachi,Punjab
CUST00081,Jordan White,Female,46,Quetta,KPK
CUST00082,Erin Robertson,Female,59,Lahore,Punjab
CUST00083,Justin Richardson,Male,29,Peshawar,Sindh
CUST00084,Juan Haney,Male,31,Peshawar,Islamabad
CUST00085,Raymond Jones,Male,38,Quetta,Islamabad
CUST00086,Grant Delgado,Male,39,Karachi,Sindh
CUST00087,Thomas Shah,Female,38,Peshawar,KPK
CUST00088,Karina Harding,Female,61,Islamabad,Punjab
CUST00089,Robert Barnes,Female,47,Peshawar,Punjab
CUST00090,Terry Frank,Male,56,Faisalabad,Islamabad
CUST00091,Erica Vasquez,Male,37,Karachi,KPK
CUST00092,Kristen Riley,Female,41,Quetta,KPK
CUST00093,Paul Walter,Female,40,Quetta,KPK
CUST00094,Misty Chang,Female,24,Peshawar,Punjab
CUST00095,Kimberly Reed,Female,26,Karachi,KPK
CUST00096,Samantha Perry,Male,18,Lahore,Sindh
CUST00097,Steven Mcdaniel,Male,43,Islamabad,Balochistan
CUST00098,Ruth Bruce,Male,55,Quetta,KPK
CUST00099,Michael Marsh,Male,55,Karachi,Balochistan
CUST00100,Joshua Perez,Male,61,Quetta,Punjab
CUST00101,Elizabeth Mcclure,Male,39,Quetta,KPK
CUST00102,Ryan Roberts,Female,61,Faisalabad,Islamabad
CUST00103,Travis Martin,Male,27,Peshawar,Punjab
CUST00104,Alejandro Johnson,Male,23,Faisalabad,Sindh
CUST00105,William Norris,Female,34,Peshawar,Sindh
CUST00106,Samuel Barrett,Male,55,Quetta,Balochistan
CUST00107,Jason Garcia,Male,41,Karachi,Balochistan
CUST00108,Eric Lucas,Female,27,Multan,Islamabad
CUST00109,Joel Torres,Male,25,Peshawar,Islamabad
CUST00110,Maria Morales,Male,38,Multan,Sindh
CUST00111,James Cooper,Male,23,Islamabad,KPK
CUST00112,Briana Schmidt,Male,38,Faisalabad,Sindh
CUST00113,Jessica Phillips,Female,56,Multan,Sindh
CUST00114,Denise Lopez,Female,41,Faisalabad,Islamabad
CUST00115,Eduardo Williams,Female,50,Peshawar,Balochistan
CUST00116,Jennifer Yates,Female,35,Peshawar,Islamabad
CUST00117,Sharon Hubbard,Female,45,Islamabad,Islamabad
CUST00118,Gabrielle Phillips,Male,49,Peshawar,Islamabad
CUST00119,Gina Guzman,Female,29,Quetta,Sindh
CUST00120,David Evans,Male,59,Islamabad,KPK
CUST00121,Jamie Carter,Female,44,Multan,Sindh
CUST00122,Keith Velasquez,Female,27,Peshawar,Punjab
CUST00123,James Dean,Male,63,Karachi,Islamabad
CUST00124,Dylan Graham,Male,59,Rawalpindi,Islamabad
CUST00125,Vincent Alvarez,Male,49,Lahore,Punjab
CUST00126,Charles Espinoza,Male,59,Quetta,Islamabad
CUST00127,Barbara Golden,Female,43,Rawalpindi,Islamabad
CUST00128,Curtis Cobb MD,Female,42,Rawalpindi,Islamabad
CUST00129,Micheal Duran,Male,28,Faisalabad,Punjab
CUST00130,Francisco Brown,Male,40,Quetta,Sindh
CUST00131,Gary Williams,Male,51,Quetta,Islamabad
CUST00132,Kathy Ford,Male,57,Islamabad,KPK
CUST00133,Michael Lopez,Male,40,Faisalabad,Punjab
CUST00134,Renee Wood,Male,46,Multan,Balochistan
CUST00135,Holly Sharp,Female,48,Lahore,Punjab
CUST00136,Sean Ross,Male,24,Multan,Sindh
CUST00137,Mr. Jeffrey Willis,Male,57,Karachi,Punjab
CUST00138,Adam Mendez,Female,50,Lahore,Balochistan
CUST00139,Mrs. Tasha Bryant MD,Male,38,Faisalabad,KPK
CUST00140,Sandra Williams,Female,19,Peshawar,Balochistan
CUST00141,Jacob Scott,Female,35,Peshawar,Punjab
CUST00142,Michael Thomas,Male,64,Faisalabad,Balochistan
CUST00143,John Olsen,Male,50,Multan,Punjab
CUST00144,Cathy Silva,Male,54,Faisalabad,KPK
CUST00145,Tonya Lutz,Male,51,Faisalabad,KPK
CUST00146,Matthew Mclean DVM,Male,37,Rawalpindi,Sindh
CUST00147,Evan Smith,Female,52,Karachi,KPK
CUST00148,Tara Stewart,Male,35,Quetta,Islamabad
CUST00149,Terry Tapia,Male,63,Peshawar,Balochistan
CUST00150,Mark Porter,Male,41,Rawalpindi,Balochistan
CUST00151,Anthony Howe MD,Female,25,Faisalabad,Punjab
CUST00152,Ashley Chapman,Male,47,Islamabad,KPK
CUST00153,Joanne Thompson,Male,61,Rawalpindi,Sindh
CUST00154,Linda Nelson,Male,27,Faisalabad,Sindh
CUST00155,Carlos Boyd,Female,40,Peshawar,Sindh
CUST00156,Erik Ramirez,Male,28,Quetta,Islamabad
CUST00157,David Turner,Female,19,Faisalabad,KPK
CUST00158,Jonathan Adkins,Female,43,Karachi,Sindh
CUST00159,Anthony Christensen,Male,53,Multan,Islamabad
CUST00160,Katelyn Turner,Female,50,Lahore,Balochistan
CUST00161,Jessica Cruz,Male,64,Rawalpindi,Punjab
CUST00162,Stacy Vargas,Female,30,Rawalpindi,KPK
CUST00163,Lee Garrett,Female,57,Rawalpindi,KPK
CUST00164,James Beard,Male,42,Faisalabad,Balochistan
CUST00165,Margaret Wade,Male,21,Quetta,KPK
CUST00166,Chad Walker,Female,59,Karachi,KPK
CUST00167,Vanessa Roberts,Male,36,Quetta,KPK
CUST00168,Mary Vance,Male,35,Faisalabad,KPK
CUST00169,Carmen Fox,Male,54,Faisalabad,Islamabad
CUST00170,Alexander Hess,Female,47,Multan,Islamabad
CUST00171,Courtney Stephens,Female,36,Islamabad,Punjab
CUST00172,Julie Keith,Male,40,Karachi,KPK
CUST00173,Sarah Bryant,Male,33,Rawalpindi,Balochistan
CUST00174,Gilbert Deleon,Male,18,Lahore,Sindh
CUST00175,William Smith,Female,29,Rawalpindi,Punjab
CUST00176,Tricia Blackwell,Male,41,Quetta,Sindh
CUST00177,Mary Henry,Female,51,Faisalabad,Sindh
CUST00178,Kelli Johnston,Male,25,Karachi,KPK
CUST00179,Samantha Choi,Female,35,Peshawar,Balochistan
CUST00180,Dr. Elizabeth Pugh DDS,Male,22,Karachi,Sindh
CUST00181,Abigail Johnson,Male,43,Karachi,Sindh
CUST00182,Anthony Mann,Male,47,Islamabad,Punjab
CUST00183,Stacy Macias,Female,30,Rawalpindi,Balochistan
CUST00184,Sandra Bennett,Female,36,Islamabad,Balochistan
CUST00185,Lisa Lewis,Male,46,Peshawar,Sindh
CUST00186,Hannah Smith,Female,20,Peshawar,Balochistan
CUST00187,Melissa Miller,Female,43,Multan,Punjab
CUST00188,Andrew Adams,Female,57,Quetta,Punjab
CUST00189,Steven Hines,Male,29,Lahore,Punjab
CUST00190,Paul Roth,Male,19,Multan,KPK
CUST00191,Daniel Chan,Male,28,Faisalabad,Sindh
CUST00192,Elaine Brown,Female,61,Islamabad,Balochistan
CUST00193,Allison Meza,Female,45,Islamabad,Punjab
CUST00194,Kevin Oneill,Female,35,Multan,Sindh
CUST00195,Jason Freeman,Male,30,Faisalabad,Sindh
CUST00196,Malik Turner,Male,54,Karachi,KPK
CUST00197,Sharon Tate,Female,39,Faisalabad,Balochistan
CUST00198,Adam Gonzalez,Female,29,Rawalpindi,Balochistan
CUST00199,Matthew Nelson,Female,19,Multan,Punjab
CUST00200,Virginia Griffin,Female,54,Quetta,Punjab
CUST00201,Shawn Nelson,Female,24,Faisalabad,Sindh
CUST00202,John Stevens,Male,43,Karachi,Balochistan
CUST00203,Cynthia Rocha,Male,43,Faisalabad,Balochistan
CUST00204,Christina Neal,Female,41,Islamabad,Punjab
CUST00205,Keith Ochoa,Female,29,Lahore,Islamabad
CUST00206,Lisa Armstrong,Male,33,Islamabad,Sindh
CUST00207,Michael Hoffman,Male,40,Quetta,Balochistan
CUST00208,Andrea Summers,Female,57,Peshawar,KPK
CUST00209,Tiffany Turner,Male,26,Lahore,KPK
CUST00210,Kristine Foster,Male,49,Peshawar,Islamabad
CUST00211,Richard Johnson,Male,32,Faisalabad,Punjab
CUST00212,Trevor Walker,Female,54,Rawalpindi,Punjab
CUST00213,James Chapman,Female,30,Quetta,Punjab
CUST00214,Katherine Mitchell,Male,22,Faisalabad,KPK
CUST00215,Ryan Hernandez,Female,28,Karachi,Punjab
CUST00216,Steven Kelly,Male,27,Faisalabad,KPK
CUST00217,Christopher White,Male,30,Lahore,Islamabad
CUST00218,Cody Fowler,Female,58,Islamabad,Sindh
CUST00219,Amber Reeves,Female,63,Rawalpindi,Balochistan
CUST00220,Nancy Cummings,Female,32,Peshawar,Islamabad
CUST00221,Rebecca Wagner,Female,59,Faisalabad,KPK
CUST00222,Miguel Neal,Female,24,Faisalabad,Islamabad
CUST00223,Frank Martin,Male,57,Islamabad,Balochistan
CUST00224,Justin Burgess,Male,45,Rawalpindi,Sindh
CUST00225,Brian Newton,Male,49,Multan,Balochistan
CUST00226,Christopher Sherman,Male,52,Peshawar,KPK
CUST00227,John Johnson,Female,32,Faisalabad,Balochistan
CUST00228,William Knight MD,Male,53,Faisalabad,Islamabad
CUST00229,Greg Jackson,Female,38,Multan,Punjab
CUST00230,Julie Ayers,Female,23,Peshawar,Islamabad
CUST00231,Phillip Le,Female,18,Lahore,KPK
CUST00232,Julie Barber,Male,21,Lahore,Sindh
CUST00233,Isaiah Duncan,Female,28,Quetta,Balochistan
CUST00234,Robert Wilkerson,Male,61,Quetta,Sindh
CUST00235,Tamara Bates,Male,43,Karachi,KPK
CUST00236,Ryan Odonnell,Female,54,Islamabad,Balochistan
CUST00237,Glenn Smith,Male,40,Rawalpindi,Islamabad
CUST00238,Christopher Carpenter,Male,46,Faisalabad,Islamabad
CUST00239,Robert Jackson,Female,38,Peshawar,KPK
CUST00240,Jonathan Richards,Male,62,Faisalabad,Balochistan
CUST00241,Ryan Moore,Female,62,Quetta,Islamabad
CUST00242,Katherine Schmidt,Female,44,Karachi,KPK
CUST00243,Jill Herrera,Female,56,Peshawar,KPK
CUST00244,Mr. Tony King,Male,57,Peshawar,Sindh
CUST00245,James Lopez,Male,30,Faisalabad,Islamabad
CUST00246,Edward Jimenez,Female,40,Islamabad,Balochistan
CUST00247,Pamela Reynolds,Male,33,Karachi,Islamabad
CUST00248,Andrew Johnson,Female,47,Islamabad,Islamabad
CUST00249,Jason Wall,Female,21,Karachi,Islamabad
CUST00250,Kiara Delacruz,Female,57,Faisalabad,KPK
CUST00251,Kevin Williams,Male,33,Karachi,Punjab
CUST00252,Chelsea May,Male,48,Lahore,Punjab
CUST00253,Jamie Johnson,Female,59,Peshawar,Sindh
CUST00254,Timothy Morris,Male,42,Rawalpindi,Islamabad
CUST00255,Jessica Tyler,Male,61,Faisalabad,Punjab
CUST00256,Lauren Daniels,Female,29,Multan,Sindh
CUST00257,Laura Woodard,Female,43,Rawalpindi,KPK
CUST00258,Jacob Frazier,Female,54,Faisalabad,Islamabad
CUST00259,David Vaughn,Female,50,Rawalpindi,Balochistan
CUST00260,Jessica Johnson,Male,45,Lahore,KPK
CUST00261,Justin Davies,Female,26,Rawalpindi,Sindh
CUST00262,Amy Lewis,Female,29,Karachi,KPK
CUST00263,Suzanne Thornton,Male,22,Quetta,Balochistan
CUST00264,David Smith,Male,45,Rawalpindi,KPK
CUST00265,Anthony Cohen,Female,52,Faisalabad,Sindh
CUST00266,Michelle Hanson,Female,22,Multan,Balochistan
CUST00267,Jason Sharp,Female,51,Multan,Balochistan
CUST00268,Larry Riley,Female,63,Quetta,KPK
CUST00269,Jennifer Lopez,Male,51,Islamabad,Balochistan
CUST00270,Michael Davis,Male,30,Quetta,KPK
CUST00271,Tamara Green,Female,56,Peshawar,Islamabad
CUST00272,Mark Kelley,Female,59,Rawalpindi,Balochistan
CUST00273,Nancy Smith,Female,62,Multan,KPK
CUST00274,Amber Benson,Female,31,Quetta,Islamabad
CUST00275,Robert Newton,Male,28,Rawalpindi,Balochistan
CUST00276,David Murphy,Male,59,Peshawar,Islamabad
CUST00277,Gregory Larson,Female,55,Multan,Balochistan
CUST00278,David Mcguire,Female,21,Peshawar,Sindh
CUST00279,Denise Andrews,Female,50,Rawalpindi,Sindh
CUST00280,Roberto Burgess,Female,24,Faisalabad,KPK
CUST00281,Laura Torres,Female,58,Rawalpindi,Punjab
CUST00282,Joel Adams,Male,25,Quetta,Sindh
CUST00283,Roberto Chambers,Male,54,Peshawar,Punjab
CUST00284,William Hunter,Male,27,Faisalabad,Islamabad
CUST00285,Christine Miller,Female,60,Faisalabad,Islamabad
CUST00286,Kayla Reid,Male,32,Islamabad,Punjab
CUST00287,Caitlin Shea,Male,55,Multan,KPK
CUST00288,Paul Adams,Male,32,Karachi,Balochistan
CUST00289,Melissa Gonzalez,Male,22,Faisalabad,Punjab
CUST00290,Laura Smith,Female,46,Peshawar,Punjab
CUST00291,John Clarke,Male,36,Multan,Punjab
CUST00292,Tonya Edwards,Male,27,Lahore,Punjab
CUST00293,Todd Taylor,Female,29,Rawalpindi,Punjab
CUST00294,Emily Coleman,Male,21,Quetta,KPK
CUST00295,Emily Rodriguez,Male,48,Peshawar,Sindh
CUST00296,William Ward,Male,35,Lahore,Balochistan
CUST00297,Abigail Davenport,Female,33,Peshawar,Sindh
CUST00298,Nicole Perry,Male,57,Rawalpindi,Punjab
CUST00299,Amy Gutierrez,Female,53,Islamabad,Sindh
CUST00300,Steven Rivera,Male,42,Peshawar,KPK
CUST00301,Bryan Hicks,Male,40,Faisalabad,Islamabad
CUST00302,Jeffrey Hodge,Male,29,Karachi,Sindh
CUST00303,Kathryn Sherman,Male,51,Faisalabad,Balochistan
CUST00304,Travis Johnson,Female,53,Rawalpindi,KPK
CUST00305,Michelle Patterson,Female,54,Peshawar,Islamabad
CUST00306,Kayla Ward,Female,20,Karachi,KPK
CUST00307,James Collins,Male,26,Faisalabad,Punjab
CUST00308,Richard Tucker,Male,35,Karachi,Islamabad
CUST00309,Timothy Hernandez,Female,60,Quetta,Balochistan
CUST00310,Nathaniel Mccormick,Male,52,Rawalpindi,Islamabad
CUST00311,Robert Nielsen,Male,51,Islamabad,Balochistan
CUST00312,Kara Wright,Male,58,Islamabad,Punjab
CUST00313,David Dawson,Male,31,Peshawar,Balochistan
CUST00314,Greg Murray,Female,21,Faisalabad,KPK
CUST00315,Jennifer Wilcox,Female,46,Lahore,Sindh
CUST00316,Rose Williams,Female,58,Rawalpindi,KPK
CUST00317,Jeffery Ramirez,Male,62,Faisalabad,KPK
CUST00318,Kenneth Jackson,Male,32,Faisalabad,Islamabad
CUST00319,Justin Powell,Male,45,Islamabad,Punjab
CUST00320,Jenna Campbell,Male,59,Peshawar,Sindh
CUST00321,Erik Wilson,Male,33,Karachi,Balochistan
CUST00322,Melissa Pena,Female,29,Rawalpindi,Islamabad
CUST00323,Matthew Jackson,Female,22,Quetta,Punjab
CUST00324,Michael Roach,Male,51,Karachi,Sindh
CUST00325,Robert Murphy,Female,59,Multan,KPK
CUST00326,Jacqueline Collins,Female,18,Multan,Punjab
CUST00327,Michael Silva,Female,56,Rawalpindi,Punjab
CUST00328,Daniel Park,Female,49,Peshawar,Punjab
CUST00329,Dr. Timothy Webb,Male,43,Lahore,KPK
CUST00330,Melissa Taylor,Male,34,Multan,Balochistan
CUST00331,Lauren Travis,Male,44,Islamabad,Islamabad
CUST00332,Ruben Blankenship,Female,41,Lahore,Balochistan
CUST00333,Aaron Drake,Male,52,Faisalabad,Sindh
CUST00334,Kyle Barnes,Male,63,Multan,Islamabad
CUST00335,Tammy Estrada MD,Male,59,Islamabad,Sindh
CUST00336,Amy Roberts,Male,56,Faisalabad,KPK
CUST00337,Stephanie Chambers,Female,43,Lahore,Balochistan
CUST00338,Andrew Rodgers,Female,55,Rawalpindi,Punjab
CUST00339,Brian Williams,Male,40,Faisalabad,Islamabad
CUST00340,Andrew White,Male,39,Karachi,Punjab
CUST00341,Deanna Walker,Male,21,Rawalpindi,Sindh
CUST00342,Ronnie Kim,Male,26,Rawalpindi,Punjab
CUST00343,Clarence Bush,Male,21,Lahore,Punjab
CUST00344,Bryan Alvarez,Male,24,Lahore,KPK
CUST00345,Steve Hall DDS,Male,40,Islamabad,KPK
CUST00346,Adam Clarke,Female,19,Islamabad,Balochistan
CUST00347,Brian Hart,Female,41,Karachi,Sindh
CUST00348,Jennifer Giles,Male,57,Rawalpindi,KPK
CUST00349,Victoria Smith,Male,48,Quetta,KPK
CUST00350,Heather Stewart,Female,64,Peshawar,Balochistan
CUST00351,Jason Hart,Male,48,Karachi,Islamabad
CUST00352,Jon Lawson,Female,64,Karachi,Balochistan
CUST00353,Peter Barrera,Female,57,Peshawar,Punjab
CUST00354,Bethany Love,Male,60,Peshawar,Punjab
CUST00355,Charles Lopez,Male,51,Peshawar,KPK
CUST00356,Shane Duncan,Female,41,Lahore,KPK
CUST00357,Victoria Butler,Male,43,Karachi,Balochistan
CUST00358,James Warren,Female,33,Karachi,Balochistan
CUST00359,Nancy Briggs,Female,64,Faisalabad,Sindh
CUST00360,Patricia Bell,Female,30,Peshawar,Punjab
CUST00361,Joshua Brown,Male,32,Peshawar,Balochistan
CUST00362,Rebecca Harris,Female,44,Islamabad,Islamabad
CUST00363,Cynthia Thomas,Male,21,Islamabad,Sindh
CUST00364,Gary Butler,Male,33,Rawalpindi,Balochistan
CUST00365,Ralph Phillips,Female,47,Islamabad,KPK
CUST00366,Crystal Perez,Male,61,Multan,Balochistan
CUST00367,Jessica Velez,Female,47,Rawalpindi,KPK
CUST00368,Andrew Mcmillan,Female,53,Quetta,KPK
CUST00369,Anna Smith,Male,20,Peshawar,Punjab
CUST00370,Alex Gomez,Male,39,Faisalabad,Punjab
CUST00371,Renee Williams,Male,39,Islamabad,Balochistan
CUST00372,Christopher Gonzales,Male,29,Faisalabad,Balochistan
CUST00373,Nicole Scott,Male,38,Islamabad,Islamabad
CUST00374,Vincent Benson,Female,21,Islamabad,Sindh
CUST00375,Kristen Navarro,Male,48,Faisalabad,Sindh
CUST00376,Thomas Fisher,Male,61,Karachi,Balochistan
CUST00377,Raymond Young,Female,48,Karachi,Punjab
CUST00378,Nicole Swanson,Male,40,Karachi,Islamabad
CUST00379,Andrew Smith,Female,37,Multan,Sindh
CUST00380,Andrea Ward,Male,32,Karachi,Balochistan
CUST00381,Michael Hubbard,Male,40,Islamabad,Punjab
CUST00382,Carolyn Horton,Female,45,Peshawar,Punjab
CUST00383,Danielle Frey,Female,33,Lahore,Punjab
CUST00384,Jay Avila,Female,54,Faisalabad,KPK
CUST00385,April Williamson,Female,38,Peshawar,Punjab
CUST00386,Sara Taylor,Female,32,Lahore,Balochistan
CUST00387,Noah Haynes,Male,34,Peshawar,Islamabad
CUST00388,Jasmine Thompson,Male,54,Multan,Balochistan
CUST00389,Kathleen Perez,Female,30,Lahore,Punjab
CUST00390,Nicole Ferguson,Female,36,Quetta,Islamabad
CUST00391,Victoria Paul,Female,47,Rawalpindi,Sindh
CUST00392,Jamie Tucker DVM,Male,62,Karachi,Sindh
CUST00393,Steven Woods,Male,35,Quetta,Balochistan
CUST00394,Kendra Graves,Female,31,Multan,Islamabad
CUST00395,Madison Jordan,Male,53,Peshawar,Balochistan
CUST00396,Linda Strong,Female,53,Islamabad,Islamabad
CUST00397,Brianna Mccormick,Female,37,Karachi,Islamabad
CUST00398,Anthony Rich,Male,36,Quetta,Balochistan
CUST00399,Richard Montgomery,Female,62,Karachi,Islamabad
CUST00400,Elizabeth Abbott,Female,61,Lahore,Punjab
CUST00401,Diana Santiago,Male,24,Rawalpindi,Islamabad
CUST00402,Dr. Grace Davila,Female,61,Karachi,Islamabad
CUST00403,Mia Gonzalez,Male,21,Peshawar,Balochistan
CUST00404,Anna Dalton,Female,51,Peshawar,Sindh
CUST00405,Jackie Moore,Male,19,Faisalabad,KPK
CUST00406,Joel Sullivan,Female,22,Faisalabad,Islamabad
CUST00407,Aaron Ashley,Male,27,Karachi,KPK
CUST00408,Deanna Miller,Male,49,Lahore,Islamabad
CUST00409,Vanessa Thompson,Female,59,Lahore,Balochistan
CUST00410,Mr. Chad Sanchez,Male,58,Islamabad,Balochistan
CUST00411,Victoria Williams,Male,30,Multan,Islamabad
CUST00412,Kenneth Patel,Female,56,Multan,Balochistan
CUST00413,Shannon Garcia,Female,22,Quetta,Balochistan
CUST00414,Vanessa Fowler,Female,27,Multan,Islamabad
CUST00415,Keith Blair,Female,27,Rawalpindi,Sindh
CUST00416,Alex Jordan,Male,55,Lahore,Islamabad
CUST00417,Michael York MD,Male,44,Islamabad,Sindh
CUST00418,William Smith,Male,38,Faisalabad,Balochistan
CUST00419,Christopher Burgess,Female,25,Peshawar,Sindh
CUST00420,Heather Smith,Female,18,Multan,Balochistan
CUST00421,Jasmin Anderson,Female,45,Faisalabad,Sindh
CUST00422,Selena Martinez,Female,56,Faisalabad,Sindh
CUST00423,Joshua Archer,Male,31,Karachi,Islamabad
CUST00424,Christopher Curry,Male,38,Rawalpindi,Sindh
CUST00425,Rachael Bentley,Male,47,Islamabad,Balochistan
CUST00426,Zachary Villarreal,Male,38,Rawalpindi,Islamabad
CUST00427,Tony Morrison,Male,26,Karachi,Sindh
CUST00428,Jeremy Smith,Female,34,Islamabad,Islamabad
CUST00429,Matthew Villa,Male,22,Islamabad,KPK
CUST00430,Brandi Adams,Male,48,Lahore,Islamabad
CUST00431,Matthew Paul,Male,57,Rawalpindi,KPK
CUST00432,Calvin Rivera,Female,55,Rawalpindi,KPK
CUST00433,Todd Carroll,Female,60,Lahore,Islamabad
CUST00434,Mary Jones MD,Male,36,Quetta,Balochistan
CUST00435,Joseph Martinez,Male,53,Faisalabad,Balochistan
CUST00436,Eric Leonard,Female,50,Karachi,Balochistan
CUST00437,Rhonda Morrow,Male,30,Rawalpindi,Punjab
CUST00438,Erica Green,Female,31,Lahore,KPK
CUST00439,Eric Summers,Female,50,Peshawar,Islamabad
CUST00440,Elizabeth Erickson,Male,46,Quetta,Balochistan
CUST00441,Melissa Gray,Male,60,Islamabad,Balochistan
CUST00442,Lindsey Stephens,Female,53,Multan,Islamabad
CUST00443,Ashley Jackson,Male,61,Peshawar,KPK
CUST00444,Alison Bartlett,Male,27,Lahore,Islamabad
CUST00445,Tim Figueroa,Female,48,Multan,Punjab
CUST00446,Rachael Copeland,Female,23,Faisalabad,Punjab
CUST00447,Olivia Pham,Female,18,Karachi,Islamabad
CUST00448,Traci Duarte,Female,24,Multan,KPK
CUST00449,Jonathan Mitchell,Male,44,Quetta,Balochistan
CUST00450,Sabrina Baker,Male,38,Faisalabad,Punjab
CUST00451,Kristen Patel,Female,45,Multan,Punjab
CUST00452,Ashley Lee,Female,33,Islamabad,KPK
CUST00453,Lisa Valentine,Male,63,Islamabad,Punjab
CUST00454,Zachary Scott,Female,40,Quetta,Punjab
CUST00455,Deborah Mcdowell,Male,37,Islamabad,KPK
CUST00456,David Hubbard,Male,55,Islamabad,Islamabad
CUST00457,Jeffrey Robinson,Male,42,Lahore,Balochistan
CUST00458,Casey Richard,Male,45,Islamabad,Balochistan
CUST00459,David Hardy,Male,22,Peshawar,Punjab
CUST00460,Leonard Flowers,Male,38,Islamabad,Balochistan
CUST00461,Nathaniel Jones,Male,35,Peshawar,Islamabad
CUST00462,Richard Thomas,Female,64,Lahore,Punjab
CUST00463,John Smith,Female,23,Islamabad,Balochistan
CUST00464,Dr. Sydney Thompson MD,Female,46,Quetta,Sindh
CUST00465,Jennifer Carpenter,Female,36,Faisalabad,Sindh
CUST00466,Isaiah Anderson,Male,50,Quetta,Sindh
CUST00467,Brittney Stevens,Male,18,Faisalabad,Sindh
CUST00468,Jamie Mccann,Female,62,Rawalpindi,Sindh
CUST00469,Natalie Fleming,Male,20,Faisalabad,Punjab
CUST00470,Kathryn Grant,Female,59,Karachi,KPK
CUST00471,Eddie Andrews,Male,38,Karachi,KPK
CUST00472,Erica Hamilton,Female,52,Karachi,Punjab
CUST00473,Kimberly Hernandez,Male,58,Lahore,Punjab
CUST00474,Kimberly Thomas,Female,57,Quetta,Islamabad
CUST00475,Tyler Walsh,Male,20,Faisalabad,KPK
CUST00476,Elizabeth Reid,Female,42,Quetta,Sindh
CUST00477,Mallory Young,Male,62,Peshawar,Punjab
CUST00478,Jessica Murray,Female,55,Karachi,Sindh
CUST00479,Cameron Chang,Female,62,Rawalpindi,KPK
CUST00480,Amanda Peters,Male,37,Lahore,Balochistan
CUST00481,Thomas Francis,Female,61,Rawalpindi,Balochistan
CUST00482,Henry Miller,Female,62,Faisalabad,Punjab
CUST00483,David Smith,Male,51,Islamabad,Islamabad
CUST00484,Heather Decker,Female,38,Rawalpindi,Sindh
CUST00485,Amanda Elliott,Female,40,Islamabad,Punjab
CUST00486,Valerie Griffin,Female,23,Lahore,Islamabad
CUST00487,Carl Heath,Male,30,Rawalpindi,Sindh
CUST00488,Scott Harris,Male,40,Rawalpindi,KPK
CUST00489,Erica Hill,Female,26,Multan,Balochistan
CUST00490,Caleb Griffin,Female,34,Lahore,Islamabad
CUST00491,Samantha Hoover,Male,19,Lahore,Sindh
CUST00492,Michael Schultz,Female,36,Karachi,Punjab
CUST00493,Christopher Harris DDS,Male,36,Faisalabad,Sindh
CUST00494,Melissa Jones,Male,24,Rawalpindi,Punjab
CUST00495,Michael Bryant,Male,59,Quetta,Balochistan
CUST00496,John Gillespie,Male,59,Rawalpindi,Balochistan
CUST00497,Mary Newton,Female,37,Peshawar,Sindh
CUST00498,Curtis Travis,Male,26,Lahore,Sindh
CUST00499,William Newman,Female,34,Quetta,Punjab
CUST00500,Jacob Smith,Female,44,Lahore,Punjab
CUST00501,David Caldwell,Female,64,Faisalabad,Islamabad
CUST00502,Shannon Allen,Male,19,Lahore,Islamabad
CUST00503,Leah Harvey,Male,53,Islamabad,Islamabad
CUST00504,Heather Sanchez,Female,36,Islamabad,Sindh
CUST00505,Jennifer Garcia MD,Female,34,Multan,Islamabad
CUST00506,Michelle Davidson,Male,22,Islamabad,Sindh
CUST00507,Roberta Rodriguez,Female,56,Islamabad,Balochistan
CUST00508,Carl Wheeler,Female,35,Faisalabad,KPK
CUST00509,Morgan Chapman,Female,24,Rawalpindi,Balochistan
CUST00510,Shelly Clark,Female,34,Islamabad,Sindh
CUST00511,Linda Guzman,Female,56,Quetta,Sindh
CUST00512,Suzanne Garrett,Male,53,Multan,KPK
CUST00513,Hannah Kirk,Female,57,Lahore,Punjab
CUST00514,Neil Barnes,Female,62,Islamabad,Punjab
CUST00515,Christine Miller,Male,21,Multan,Punjab
CUST00516,Jared Cantu,Male,55,Faisalabad,Islamabad
CUST00517,James Pratt,Male,42,Peshawar,Punjab
CUST00518,Christy Murray,Female,22,Peshawar,Islamabad
CUST00519,Jill Wells,Female,47,Peshawar,Islamabad
CUST00520,Amanda Little,Male,29,Lahore,Punjab
CUST00521,Brenda Gomez,Female,21,Multan,Punjab
CUST00522,Shannon Coleman,Male,41,Islamabad,KPK
CUST00523,Rebecca Bowman,Female,46,Rawalpindi,KPK
CUST00524,David Nolan,Female,26,Lahore,Islamabad
CUST00525,Lauren Stokes,Female,21,Lahore,KPK
CUST00526,Jennifer Young,Male,41,Peshawar,Islamabad
CUST00527,Heather Davis MD,Male,31,Rawalpindi,Sindh
CUST00528,Lauren Jones,Male,22,Peshawar,Islamabad
CUST00529,Rodney Combs,Male,35,Lahore,Islamabad
CUST00530,Mr. John Johnson,Female,59,Islamabad,KPK
CUST00531,John Kline,Female,36,Peshawar,Sindh
CUST00532,Jessica Hernandez,Female,29,Peshawar,Balochistan
CUST00533,Beverly Fuentes,Female,35,Quetta,Balochistan
CUST00534,Michael Kent,Female,34,Peshawar,Balochistan
CUST00535,Kristen Robinson,Female,47,Lahore,Sindh
CUST00536,Sophia Brennan,Female,41,Islamabad,Punjab
CUST00537,Jared Matthews,Female,28,Rawalpindi,Sindh
CUST00538,Kevin Santiago,Male,52,Karachi,KPK
CUST00539,Frederick Wu,Male,40,Rawalpindi,Islamabad
CUST00540,Lindsay Donaldson,Male,34,Islamabad,Islamabad
CUST00541,Scott Boyer PhD,Female,18,Faisalabad,KPK
CUST00542,Tyler Jackson,Female,32,Peshawar,KPK
CUST00543,Mike Kelly,Male,49,Rawalpindi,Islamabad
CUST00544,Debra Gilbert,Female,26,Faisalabad,Punjab
CUST00545,Edward Morales,Female,32,Faisalabad,Punjab
CUST00546,Jason Long,Male,45,Islamabad,Punjab
CUST00547,Heather Callahan,Male,41,Islamabad,KPK
CUST00548,Antonio Smith,Female,52,Quetta,Islamabad
CUST00549,Paul Diaz,Male,39,Peshawar,Islamabad
CUST00550,Teresa Moore,Female,44,Karachi,Islamabad
CUST00551,Timothy Kennedy,Male,36,Multan,Sindh
CUST00552,Carl Nelson,Female,62,Lahore,Sindh
CUST00553,Sandra Nelson,Female,29,Rawalpindi,Balochistan
CUST00554,Diana Monroe,Female,37,Islamabad,Sindh
CUST00555,Ashlee Mitchell,Female,18,Rawalpindi,Punjab
CUST00556,Jason Nelson,Male,38,Multan,Punjab
CUST00557,Peter Rogers,Male,62,Multan,Punjab
CUST00558,Michael Day,Male,18,Peshawar,Punjab
CUST00559,Pamela Bryant,Female,27,Faisalabad,Balochistan
CUST00560,Larry Jones,Female,64,Peshawar,Punjab
CUST00561,Stephanie Mcpherson,Female,49,Lahore,KPK
CUST00562,Frank Zimmerman,Male,56,Karachi,KPK
CUST00563,Rebecca Jordan,Male,39,Rawalpindi,KPK
CUST00564,Barbara Walker,Male,35,Lahore,Sindh
CUST00565,Briana Smith,Male,63,Quetta,Islamabad
CUST00566,Kelli Lin,Female,49,Karachi,Balochistan
CUST00567,Lisa Rodriguez,Male,44,Rawalpindi,KPK
CUST00568,Valerie Warner,Male,45,Lahore,KPK
CUST00569,Dr. Lauren White MD,Female,35,Islamabad,Punjab
CUST00570,Steven Oneal,Male,56,Rawalpindi,KPK
CUST00571,Nathan Lawrence,Male,46,Lahore,Punjab
CUST00572,Brian Hill,Female,35,Multan,Punjab
CUST00573,Mark Merritt DDS,Male,61,Karachi,Islamabad
CUST00574,Sherri Rodriguez,Female,25,Lahore,Sindh
CUST00575,Lisa Myers,Female,48,Islamabad,Punjab
CUST00576,Daniel Sims DDS,Female,51,Peshawar,Punjab
CUST00577,Kaitlyn Parker,Male,24,Rawalpindi,Islamabad
CUST00578,Kayla Wilson,Female,53,Quetta,Punjab
CUST00579,Donald Collins,Male,35,Rawalpindi,Balochistan
CUST00580,Kevin Moses,Male,55,Rawalpindi,Sindh
CUST00581,Michele Stone,Male,26,Islamabad,Balochistan
CUST00582,Sarah Acosta,Female,26,Karachi,KPK
CUST00583,Stacy Hudson,Male,63,Rawalpindi,Sindh
CUST00584,Alexander Montoya,Male,25,Karachi,KPK
CUST00585,Michael Suarez,Female,52,Lahore,Punjab
CUST00586,Michael Ross,Male,35,Multan,Islamabad
CUST00587,Sarah Bowen,Male,22,Quetta,Balochistan
CUST00588,Jon Miller,Male,31,Multan,KPK
CUST00589,Gary Johnson,Male,45,Karachi,Punjab
CUST00590,Lindsay Taylor,Male,47,Karachi,Balochistan
CUST00591,Patrick Wells,Male,21,Multan,Balochistan
CUST00592,Sheri Davis,Female,56,Rawalpindi,KPK
CUST00593,Jamie Adams,Male,37,Faisalabad,Punjab
CUST00594,Cory Weaver,Male,42,Faisalabad,Islamabad
CUST00595,Tracy Kelley,Female,45,Islamabad,KPK
CUST00596,Cassandra Dixon,Male,29,Quetta,Balochistan
CUST00597,Virginia Mora,Female,19,Peshawar,Balochistan
CUST00598,Gail Watson,Male,60,Multan,Sindh
CUST00599,Latasha Wilson,Male,31,Multan,Punjab
CUST00600,Cheryl Morales,Male,39,Islamabad,Sindh
CUST00601,Ethan Hill,Male,48,Quetta,Islamabad
CUST00602,Jessica Davis,Male,40,Faisalabad,KPK
CUST00603,Mary Gomez,Male,37,Lahore,Balochistan
CUST00604,Gregory Williams,Male,55,Rawalpindi,Punjab
CUST00605,Dr. Richard Mcmillan PhD,Male,21,Rawalpindi,Balochistan
CUST00606,Brittany Dixon,Male,32,Lahore,Sindh
CUST00607,David Murray,Male,41,Lahore,Sindh
CUST00608,David Rodriguez,Male,42,Quetta,KPK
CUST00609,Timothy Foster,Male,18,Faisalabad,Punjab
CUST00610,Mia Ramos,Female,24,Islamabad,Punjab
CUST00611,William Marshall,Male,48,Lahore,KPK
CUST00612,Christopher Becker,Female,29,Islamabad,Sindh
CUST00613,Eric Ryan,Female,59,Quetta,Sindh
CUST00614,Joshua Diaz,Male,22,Peshawar,Sindh
CUST00615,Adrian Rodriguez,Female,61,Karachi,Balochistan
CUST00616,Matthew Underwood,Female,59,Rawalpindi,Islamabad
CUST00617,Ashley Wilson,Male,55,Faisalabad,Sindh
CUST00618,Jennifer Phillips,Male,29,Rawalpindi,Islamabad
CUST00619,Mark Robinson,Female,56,Faisalabad,Islamabad
CUST00620,Timothy Jones,Female,35,Quetta,Punjab
CUST00621,Juan Good,Male,19,Karachi,KPK
CUST00622,Melissa Ward,Male,27,Rawalpindi,Balochistan
CUST00623,Michelle Juarez MD,Male,32,Karachi,Islamabad
CUST00624,Judith Farley,Male,47,Quetta,Balochistan
CUST00625,Tyler James,Female,61,Faisalabad,Punjab
CUST00626,Brenda Smith,Male,34,Lahore,Sindh
CUST00627,Nicole Butler,Male,21,Peshawar,Islamabad
CUST00628,Lori Morton,Female,24,Rawalpindi,KPK
CUST00629,Lori Shannon,Male,58,Karachi,Punjab
CUST00630,Matthew Johnson,Male,48,Multan,Balochistan
CUST00631,Tina Gibson,Female,56,Rawalpindi,Sindh
CUST00632,Virginia Daugherty,Female,51,Rawalpindi,Balochistan
CUST00633,Gregory Robertson,Male,23,Rawalpindi,KPK
CUST00634,Theresa Ramirez,Male,55,Islamabad,Islamabad
CUST00635,Tonya Davis,Male,62,Karachi,KPK
CUST00636,Amy Rios,Male,51,Karachi,Balochistan
CUST00637,Kevin Jackson,Male,61,Rawalpindi,Balochistan
CUST00638,Samantha Thompson,Male,32,Quetta,KPK
CUST00639,Debra Velasquez,Male,31,Quetta,KPK
CUST00640,Ronnie Mullins,Male,23,Lahore,KPK
CUST00641,Amanda Foster MD,Male,54,Rawalpindi,Sindh
CUST00642,Shannon Hill,Male,49,Islamabad,Balochistan
CUST00643,Vickie Burke,Male,20,Faisalabad,Punjab
CUST00644,Stanley Lin,Male,20,Islamabad,Sindh
CUST00645,James Allen,Male,39,Quetta,Sindh
CUST00646,Sheila Robinson,Female,39,Lahore,Sindh
CUST00647,Antonio Dunlap,Female,27,Quetta,Punjab
CUST00648,Scott Black,Female,20,Quetta,KPK
CUST00649,Jessica Christensen,Female,29,Quetta,Balochistan
CUST00650,Miss Michele Williams MD,Male,46,Rawalpindi,Islamabad
CUST00651,Grace Diaz MD,Male,34,Quetta,Islamabad
CUST00652,Jason White,Male,24,Karachi,Balochistan
CUST00653,Robert Martinez,Female,30,Peshawar,Punjab
CUST00654,Andrew Porter,Female,19,Multan,Islamabad
CUST00655,Dalton Miller,Male,21,Rawalpindi,Sindh
CUST00656,Donald Williams,Male,27,Lahore,Islamabad
CUST00657,Wendy Castillo,Male,56,Karachi,Balochistan
CUST00658,Kathleen Johnson,Male,41,Islamabad,Sindh
CUST00659,Michelle Berry,Female,34,Quetta,Islamabad
CUST00660,Nicholas Barr,Female,23,Faisalabad,Balochistan
CUST00661,Stephanie Nelson,Male,36,Faisalabad,Punjab
CUST00662,Robin Davis,Female,22,Peshawar,Balochistan
CUST00663,April Pierce,Female,49,Rawalpindi,Punjab
CUST00664,Sarah Davis,Male,27,Islamabad,Sindh
CUST00665,Kelly Zavala,Male,26,Peshawar,Balochistan
CUST00666,Tommy Moore,Male,44,Multan,KPK
CUST00667,Logan Barker,Male,30,Multan,KPK
CUST00668,Brandon Stephens,Male,36,Peshawar,KPK
CUST00669,Stephanie Snow,Male,38,Lahore,KPK
CUST00670,Misty Yu,Male,41,Faisalabad,KPK
CUST00671,Daniel Wagner,Male,55,Islamabad,Punjab
CUST00672,Teresa Clark,Female,21,Rawalpindi,Balochistan
CUST00673,Mark Harris,Male,41,Quetta,Sindh
CUST00674,Stephen Lee,Male,52,Karachi,KPK
CUST00675,John Briggs,Male,20,Rawalpindi,KPK
CUST00676,Kimberly Benton,Female,21,Rawalpindi,Sindh
CUST00677,Mark Chang MD,Male,54,Islamabad,Sindh
CUST00678,Ashley Sherman,Male,57,Faisalabad,KPK
CUST00679,Brooke Anderson,Female,52,Islamabad,Punjab
CUST00680,John Alexander,Female,48,Karachi,Sindh
CUST00681,Donald Cook,Female,61,Peshawar,Balochistan
CUST00682,Patrick Johnson,Male,42,Islamabad,Balochistan
CUST00683,Jessica Jones,Male,57,Lahore,Punjab
CUST00684,Christopher Mckay,Female,30,Rawalpindi,Islamabad
CUST00685,Richard Black,Female,21,Faisalabad,Punjab
CUST00686,Alex Taylor,Female,63,Quetta,KPK
CUST00687,Christopher Parker,Female,31,Multan,Islamabad
CUST00688,Carlos Bryan,Male,30,Karachi,KPK
CUST00689,Crystal Gonzalez,Female,44,Multan,Balochistan
CUST00690,Melissa Brewer,Male,23,Rawalpindi,Sindh
CUST00691,William Marquez,Male,34,Islamabad,KPK
CUST00692,Mike Richardson,Male,53,Multan,Balochistan
CUST00693,Tiffany Edwards,Male,57,Lahore,Punjab
CUST00694,Tracey Miller,Male,52,Islamabad,KPK
CUST00695,Samantha Green,Male,34,Rawalpindi,Balochistan
CUST00696,David Jackson,Female,58,Multan,Sindh
CUST00697,Nathan Barron,Male,19,Quetta,KPK
CUST00698,Tyler Stevens,Female,30,Peshawar,Balochistan
CUST00699,Kaitlyn Hernandez,Male,19,Karachi,KPK
CUST00700,Jeffery Lara,Male,45,Multan,Sindh
CUST00701,John Figueroa,Male,60,Quetta,KPK
CUST00702,Matthew Baker,Male,43,Peshawar,KPK
CUST00703,Morgan Brown,Male,39,Peshawar,Balochistan
CUST00704,Scott Bridges,Male,64,Multan,Islamabad
CUST00705,Nathaniel Meadows,Male,60,Faisalabad,KPK
CUST00706,Vanessa Hernandez,Female,20,Multan,Islamabad
CUST00707,David Turner,Male,52,Rawalpindi,Punjab
CUST00708,Alyssa Santos,Female,29,Peshawar,KPK
CUST00709,Brian Taylor,Male,41,Karachi,Islamabad
CUST00710,Terri Cross,Female,22,Rawalpindi,Punjab
CUST00711,Mary Flores,Female,37,Lahore,Balochistan
CUST00712,Evan Peterson,Female,56,Islamabad,KPK
CUST00713,James Lewis,Male,56,Multan,Balochistan
CUST00714,Donna Nelson,Male,30,Faisalabad,Punjab
CUST00715,Joshua Johnson,Male,58,Karachi,Balochistan
CUST00716,Kristen Bolton,Female,62,Faisalabad,Balochistan
CUST00717,Julie Burns,Female,29,Faisalabad,Sindh
CUST00718,Manuel Nguyen,Female,30,Faisalabad,Punjab
CUST00719,Hailey Williams,Male,27,Multan,Balochistan
CUST00720,Tim Sellers,Female,50,Karachi,Islamabad
CUST00721,Alyssa Ruiz,Female,57,Karachi,Punjab
CUST00722,Anita Schneider,Male,33,Peshawar,Sindh
CUST00723,Dylan Mercer,Male,62,Faisalabad,KPK
CUST00724,Alicia Jacobson,Female,52,Peshawar,Balochistan
CUST00725,Patrick Maxwell,Female,20,Peshawar,Islamabad
CUST00726,Courtney Mcdaniel,Female,22,Islamabad,Sindh
CUST00727,Gregory Patterson,Male,43,Multan,Punjab
CUST00728,Tina Davis,Female,28,Multan,Balochistan
CUST00729,Karen Anderson,Male,24,Rawalpindi,Sindh
CUST00730,Juan Beck,Male,27,Quetta,Sindh
CUST00731,Daisy Gonzalez,Male,59,Peshawar,Islamabad
CUST00732,Sarah Martin,Female,51,Multan,KPK
CUST00733,Michael Price,Female,20,Faisalabad,KPK
CUST00734,Robert Williamson,Male,25,Quetta,KPK
CUST00735,Ronald Smith,Male,48,Lahore,Punjab
CUST00736,Lisa Rodriguez,Female,28,Faisalabad,Sindh
CUST00737,Adrian Trujillo,Male,62,Karachi,Punjab
CUST00738,Kenneth Sanchez,Female,24,Multan,Sindh
CUST00739,Albert Ramos,Male,62,Quetta,Islamabad
CUST00740,Maria Dixon,Male,19,Multan,Islamabad
CUST00741,Brian Little,Male,23,Rawalpindi,Punjab
CUST00742,Lindsey Lyons,Male,58,Peshawar,Punjab
CUST00743,Kimberly Cain,Female,49,Lahore,Islamabad
CUST00744,Robert Ryan,Male,37,Multan,Balochistan
CUST00745,Tracey Richards,Male,51,Rawalpindi,KPK
CUST00746,Paul Jones,Female,33,Rawalpindi,KPK
CUST00747,Patricia Baker,Male,42,Lahore,Islamabad
CUST00748,Angela Powers,Male,29,Faisalabad,KPK
CUST00749,Jessica Sanders,Female,24,Faisalabad,Balochistan
CUST00750,Cassidy Anderson,Female,56,Faisalabad,Balochistan
CUST00751,Robin Wilkinson,Male,34,Islamabad,Sindh
CUST00752,Ashley Mack,Female,62,Peshawar,Punjab
CUST00753,Julia Roberts,Female,28,Quetta,KPK
CUST00754,Robert Taylor,Male,23,Peshawar,Balochistan
CUST00755,Mark Parker,Male,40,Faisalabad,Punjab
CUST00756,Keith Burton,Female,44,Lahore,Punjab
CUST00757,James Johnson,Female,63,Islamabad,Sindh
CUST00758,Joshua Miller,Male,23,Peshawar,Punjab
CUST00759,Sean Miller,Female,55,Faisalabad,Punjab
CUST00760,Yolanda Martinez,Female,19,Islamabad,Islamabad
CUST00761,Michelle Campos,Male,39,Quetta,Sindh
CUST00762,Shawna Grant,Male,37,Lahore,Sindh
CUST00763,Nicole Ellis,Male,42,Faisalabad,KPK
CUST00764,Todd Myers,Female,32,Quetta,Punjab
CUST00765,Kevin Sandoval PhD,Male,46,Karachi,KPK
CUST00766,Nicholas Greene,Female,25,Quetta,Balochistan
CUST00767,Lindsay Welch,Female,54,Multan,Punjab
CUST00768,Patricia Taylor,Female,50,Lahore,Balochistan
CUST00769,Kelly Acosta,Male,39,Quetta,Islamabad
CUST00770,Kevin Williams,Female,64,Quetta,Punjab
CUST00771,Kaitlyn Silva,Male,22,Rawalpindi,KPK
CUST00772,Amber Nunez,Female,56,Rawalpindi,KPK
CUST00773,Alexander Williams,Male,35,Quetta,Punjab
CUST00774,Nicholas Burke,Male,55,Quetta,KPK
CUST00775,Dawn Martinez,Female,54,Lahore,Punjab
CUST00776,Christina Leon,Male,47,Rawalpindi,Sindh
CUST00777,Fernando Brewer,Male,48,Peshawar,KPK
CUST00778,John Barnes,Female,27,Lahore,Punjab
CUST00779,Shawn Terry,Female,32,Karachi,Punjab
CUST00780,Sandra White,Female,59,Lahore,KPK
CUST00781,David Rodriguez,Female,61,Faisalabad,Sindh
CUST00782,Anthony Watts,Male,35,Faisalabad,KPK
CUST00783,Kathy Weiss,Male,40,Islamabad,Punjab
CUST00784,Drew Strong,Male,50,Rawalpindi,Sindh
CUST00785,Charles Herrera,Male,33,Quetta,Balochistan
CUST00786,Alexander Harvey,Female,55,Multan,Islamabad
CUST00787,Jerry Powell,Female,52,Rawalpindi,KPK
CUST00788,Rebecca Woods,Male,51,Peshawar,Punjab
CUST00789,Tyler Martinez,Male,45,Lahore,Sindh
CUST00790,Mrs. Andrea Fisher,Female,19,Multan,Sindh
CUST00791,Michael Taylor,Male,47,Multan,Balochistan
CUST00792,Donald Moody,Female,30,Quetta,KPK
CUST00793,Anne Woods,Male,58,Quetta,Sindh
CUST00794,James Arnold,Female,33,Rawalpindi,Balochistan
CUST00795,Anne Shah,Male,22,Multan,Punjab
CUST00796,Courtney Moran,Female,45,Multan,Balochistan
CUST00797,Matthew Martin,Female,56,Faisalabad,KPK
CUST00798,Gregory Peters,Female,62,Karachi,Balochistan
CUST00799,Richard Tran,Female,37,Quetta,Sindh
CUST00800,Ricky Lambert V,Female,41,Lahore,Sindh
CUST00801,John Austin,Female,44,Rawalpindi,Islamabad
CUST00802,Michael Perkins,Male,47,Quetta,Balochistan
CUST00803,Alexander Cole,Female,62,Faisalabad,Punjab
CUST00804,Loretta Savage,Female,44,Peshawar,KPK
CUST00805,Kenneth Lucero,Male,43,Quetta,Islamabad
CUST00806,Glen Jackson,Female,24,Peshawar,Balochistan
CUST00807,Christopher James,Female,59,Islamabad,Punjab
CUST00808,Jonathan Foster,Female,64,Multan,Islamabad
CUST00809,Sherri Peters,Male,55,Multan,Sindh
CUST00810,Jon Burke,Male,22,Rawalpindi,KPK
CUST00811,Mary Figueroa,Female,40,Karachi,Balochistan
CUST00812,Jessica Orozco,Female,45,Karachi,Punjab
CUST00813,Megan Weeks,Male,51,Rawalpindi,Sindh
CUST00814,Daniel Norman,Female,32,Rawalpindi,Islamabad
CUST00815,James Hodge,Female,49,Faisalabad,KPK
CUST00816,Leslie Lewis,Male,43,Peshawar,Islamabad
CUST00817,Monica Gross,Female,48,Rawalpindi,Islamabad
CUST00818,Amanda Herrera,Male,36,Peshawar,Punjab
CUST00819,Dr. Sarah Clark,Male,26,Quetta,Sindh
CUST00820,Katherine Coleman,Male,46,Quetta,Balochistan
CUST00821,Michael Wallace,Female,56,Islamabad,Punjab
CUST00822,Judith Tucker,Male,21,Peshawar,KPK
CUST00823,Daniel Nichols,Male,20,Faisalabad,Islamabad
CUST00824,Robert Hopkins,Male,46,Quetta,KPK
CUST00825,Sharon Patterson,Male,28,Multan,Punjab
CUST00826,Kathleen Mcbride,Female,50,Multan,Punjab
CUST00827,Elizabeth Miller,Male,55,Quetta,Balochistan
CUST00828,Nicholas Yoder,Male,28,Quetta,Islamabad
CUST00829,John Walker,Female,44,Quetta,Punjab
CUST00830,Melinda Kaufman,Male,50,Peshawar,KPK
CUST00831,Aaron Oliver,Male,38,Multan,Balochistan
CUST00832,Andrea Wilson,Male,56,Multan,KPK
CUST00833,Brenda Jones,Male,48,Lahore,Islamabad
CUST00834,Thomas Johnson,Male,55,Quetta,Balochistan
CUST00835,Elizabeth Diaz,Male,63,Islamabad,Balochistan
CUST00836,Edward Ford,Male,19,Quetta,Balochistan
CUST00837,Tyler Decker,Female,44,Faisalabad,Sindh
CUST00838,Amber Michael,Male,53,Faisalabad,Balochistan
CUST00839,Christine Howard,Female,28,Multan,KPK
CUST00840,Daniel Austin,Female,64,Quetta,KPK
CUST00841,John Lee,Male,35,Karachi,Islamabad
CUST00842,Anna Garcia,Female,18,Faisalabad,Punjab
CUST00843,Teresa Day,Male,52,Quetta,Punjab
CUST00844,Linda Johnson,Female,52,Islamabad,Sindh
CUST00845,Hailey Lewis,Male,48,Rawalpindi,Balochistan
CUST00846,Patrick Frye,Male,45,Quetta,Sindh
CUST00847,Kelly Nguyen,Male,56,Islamabad,Islamabad
CUST00848,Tyrone Brown,Female,18,Multan,Islamabad
CUST00849,Andrea Reed,Male,42,Multan,Punjab
CUST00850,Daniel Gibson,Female,60,Lahore,Islamabad
CUST00851,Steven Johns,Male,55,Peshawar,Balochistan
CUST00852,Thomas Rojas,Female,37,Faisalabad,KPK
CUST00853,Kelsey Stout,Male,20,Peshawar,Islamabad
CUST00854,Luke Mata,Female,19,Quetta,Sindh
CUST00855,Tammy Garcia,Male,35,Peshawar,Balochistan
CUST00856,Willie Jacobs,Male,61,Faisalabad,Islamabad
CUST00857,Joseph Butler,Male,27,Faisalabad,Islamabad
CUST00858,Allison White,Male,22,Quetta,Balochistan
CUST00859,Laura Davidson,Female,26,Multan,Islamabad
CUST00860,Lacey Jordan,Male,19,Faisalabad,KPK
CUST00861,Judy Robles,Female,51,Karachi,Punjab
CUST00862,Mary Burns,Male,55,Karachi,Balochistan
CUST00863,Elizabeth Evans,Male,48,Rawalpindi,Sindh
CUST00864,Cheryl Raymond,Male,27,Faisalabad,Islamabad
CUST00865,Heidi Kim,Male,29,Lahore,Punjab
CUST00866,Jimmy Holloway,Female,53,Rawalpindi,Sindh
CUST00867,James Sweeney,Male,38,Multan,Sindh
CUST00868,Cynthia Richardson,Male,64,Faisalabad,KPK
CUST00869,Robert Hayes,Female,23,Karachi,Punjab
CUST00870,Brandon Nelson,Female,20,Lahore,Balochistan
CUST00871,Holly Smith,Male,27,Quetta,Punjab
CUST00872,Madeline Patterson,Male,22,Rawalpindi,Punjab
CUST00873,Taylor Thomas,Female,63,Lahore,Sindh
CUST00874,Kevin Ward,Male,43,Faisalabad,KPK
CUST00875,Kristina Alvarez,Male,38,Islamabad,KPK
CUST00876,Amanda Martinez,Male,62,Lahore,Punjab
CUST00877,Gavin Riddle,Female,43,Lahore,Punjab
CUST00878,Timothy Hubbard,Female,55,Multan,Islamabad
CUST00879,Shawn Thomas,Male,61,Karachi,Sindh
CUST00880,Michael Kennedy,Male,43,Quetta,Balochistan
CUST00881,Jordan Hill,Male,25,Faisalabad,Balochistan
CUST00882,Amanda Guzman,Female,22,Lahore,KPK
CUST00883,Rachel Velez,Male,32,Faisalabad,Sindh
CUST00884,Mark Hughes,Male,33,Karachi,KPK
CUST00885,Patricia Davis,Female,18,Multan,Balochistan
CUST00886,Deanna Powell,Male,33,Faisalabad,Punjab
CUST00887,Oscar Lewis,Female,54,Peshawar,Sindh
CUST00888,Mitchell Taylor,Male,20,Karachi,Sindh
CUST00889,Michael Baker,Male,64,Karachi,Islamabad
CUST00890,Stephanie Norris,Male,48,Quetta,Punjab
CUST00891,Tony Powell,Female,30,Rawalpindi,Punjab
CUST00892,Henry Ortiz,Female,33,Multan,KPK
CUST00893,Lisa Turner,Female,60,Multan,Sindh
CUST00894,Jeremy Mitchell,Male,38,Quetta,KPK
CUST00895,Debra Little,Female,19,Peshawar,Punjab
CUST00896,Nina Williams,Male,44,Faisalabad,Islamabad
CUST00897,Dylan Moore,Male,55,Islamabad,Sindh
CUST00898,Ian Rios,Female,43,Peshawar,Punjab
CUST00899,Kevin Harris,Male,55,Rawalpindi,Islamabad
CUST00900,Russell Morris,Male,63,Multan,Balochistan
CUST00901,William Mccall,Male,42,Karachi,Punjab
CUST00902,Diane Miller,Male,28,Multan,Balochistan
CUST00903,Jill Lopez,Male,25,Peshawar,KPK
CUST00904,Victoria Olsen,Female,25,Islamabad,Balochistan
CUST00905,Aaron Medina,Male,50,Lahore,Punjab
CUST00906,Melissa Miranda,Female,24,Lahore,Balochistan
CUST00907,Sierra Martin,Female,55,Quetta,Sindh
CUST00908,Sheryl Roberts,Male,38,Multan,Punjab
CUST00909,Jessica Collins,Male,25,Multan,Islamabad
CUST00910,Brianna Adams,Male,38,Rawalpindi,Balochistan
CUST00911,Julia Baird,Female,37,Multan,Sindh
CUST00912,Eric Stewart DDS,Male,25,Islamabad,KPK
CUST00913,Kathy Lopez,Female,63,Multan,KPK
CUST00914,Shannon Jenkins,Male,48,Faisalabad,Balochistan
CUST00915,Bradley Ward,Female,46,Peshawar,KPK
CUST00916,Samuel Lamb,Male,26,Quetta,Islamabad
CUST00917,Kayla Mckenzie,Male,32,Islamabad,Punjab
CUST00918,Megan Lopez,Female,47,Rawalpindi,Sindh
CUST00919,Andrew Camacho,Female,43,Faisalabad,Balochistan
CUST00920,Nathan Baker,Male,27,Faisalabad,KPK
CUST00921,Keith Combs,Female,46,Peshawar,Punjab
CUST00922,Susan Sullivan,Male,33,Lahore,Islamabad
CUST00923,Dakota Smith,Female,53,Islamabad,KPK
CUST00924,Sarah Smith,Female,37,Peshawar,KPK
CUST00925,Robert Fitzpatrick,Male,62,Faisalabad,Sindh
CUST00926,Joseph Hernandez,Male,54,Rawalpindi,Islamabad
CUST00927,Derrick Morgan,Male,39,Peshawar,Islamabad
CUST00928,Matthew Garcia,Male,24,Lahore,Balochistan
CUST00929,Wendy Figueroa,Female,40,Faisalabad,Sindh
CUST00930,Jose French,Male,58,Peshawar,Balochistan
CUST00931,Deborah Wilson,Male,57,Islamabad,Sindh
CUST00932,Luke Scott,Female,46,Lahore,Islamabad
CUST00933,Thomas Stone,Female,33,Islamabad,Sindh
CUST00934,Amanda Richardson,Male,55,Islamabad,Sindh
CUST00935,Mark Miller,Male,45,Islamabad,Sindh
CUST00936,Brenda Combs,Male,55,Peshawar,Punjab
CUST00937,Mark Wilson,Male,48,Lahore,Punjab
CUST00938,Julie Allen,Female,31,Peshawar,Islamabad
CUST00939,Alyssa Spears,Male,50,Peshawar,Sindh
CUST00940,Sarah Shah,Female,26,Peshawar,Islamabad
CUST00941,Bradley James,Male,44,Faisalabad,Punjab
CUST00942,Connie Dunn,Female,41,Multan,Sindh
CUST00943,Courtney Archer,Female,30,Karachi,Balochistan
CUST00944,Roy Williams,Female,43,Faisalabad,Punjab
CUST00945,Ms. Regina Baker,Male,46,Lahore,Punjab
CUST00946,Dwayne Bond,Male,60,Karachi,Punjab
CUST00947,Marc Graham,Male,45,Karachi,Sindh
CUST00948,Latoya Humphrey,Female,45,Karachi,KPK
CUST00949,Jennifer Ferguson,Female,25,Multan,Balochistan
CUST00950,Elizabeth Cunningham,Female,40,Peshawar,Balochistan
CUST00951,Melinda Lewis,Female,46,Quetta,Islamabad
CUST00952,Margaret Jones,Female,22,Rawalpindi,Sindh
CUST00953,Janet Moore,Male,59,Lahore,Punjab
CUST00954,Melinda Aguirre,Female,24,Quetta,KPK
CUST00955,Leah Deleon,Male,59,Multan,Sindh
CUST00956,Joseph Warren,Male,53,Multan,Sindh
CUST00957,Alison Scott,Male,58,Rawalpindi,KPK
CUST00958,Jorge Callahan,Male,44,Karachi,Punjab
CUST00959,Ariana Lawson,Male,63,Peshawar,Sindh
CUST00960,Charles Macdonald,Female,19,Rawalpindi,Balochistan
CUST00961,John Cox,Male,42,Quetta,Balochistan
CUST00962,Michael Ryan,Female,26,Quetta,KPK
CUST00963,Olivia Booth,Male,44,Rawalpindi,Punjab
CUST00964,Anthony White,Male,18,Multan,KPK
CUST00965,Shawn George,Male,40,Lahore,Sindh
CUST00966,David Mcknight,Male,27,Islamabad,Balochistan
CUST00967,Denise Brown,Female,59,Peshawar,Islamabad
CUST00968,David Smith,Male,42,Quetta,KPK
CUST00969,Kevin Graham,Female,20,Quetta,Islamabad
CUST00970,Linda Moore,Male,23,Rawalpindi,Islamabad
CUST00971,Jonathan Gilmore,Female,23,Peshawar,Balochistan
CUST00972,Jeffrey Flores,Female,19,Rawalpindi,KPK
CUST00973,David Pitts,Female,35,Karachi,Islamabad
CUST00974,Marissa Steele,Male,40,Peshawar,Sindh
CUST00975,Christopher Adams,Male,19,Karachi,Punjab
CUST00976,Laura Berry,Male,29,Quetta,Punjab
CUST00977,Rachel Key,Female,39,Multan,Balochistan
CUST00978,Melissa Williams,Male,54,Karachi,KPK
CUST00979,Paula Morton,Male,37,Peshawar,KPK
CUST00980,Deborah Gonzalez,Female,56,Faisalabad,Punjab
CUST00981,Elizabeth Brown,Male,41,Peshawar,Sindh
CUST00982,David Zamora,Female,37,Rawalpindi,Punjab
CUST00983,Tyler Hernandez,Male,18,Karachi,Punjab
CUST00984,Wendy Jackson,Male,18,Lahore,KPK
CUST00985,Chad Yang,Female,34,Faisalabad,Islamabad
CUST00986,Debra Thomas,Male,18,Multan,Sindh
CUST00987,Jennifer Butler,Female,62,Islamabad,KPK
CUST00988,Melanie Pitts,Male,47,Rawalpindi,Punjab
CUST00989,Christopher Caldwell,Male,58,Rawalpindi,Islamabad
CUST00990,Craig Martinez,Female,64,Lahore,Sindh
CUST00991,Angela Garcia,Female,20,Islamabad,Balochistan
CUST00992,Michelle Byrd,Female,63,Quetta,Sindh
CUST00993,Andrew Smith,Male,28,Islamabad,Sindh
CUST00994,Veronica Jacobs,Female,41,Multan,Punjab
CUST00995,Kyle Mccullough,Male,39,Multan,Punjab
CUST00996,Sabrina Nelson,Male,61,Faisalabad,Balochistan
CUST00997,Trevor Morales,Female,62,Quetta,Balochistan
CUST00998,Sandra Sandoval,Male,43,Rawalpindi,Balochistan
CUST00999,Alison Lee,Female,30,Karachi,KPK
CUST01000,Karina Garcia,Male,18,Multan,KPK
CUST01001,Brian Garcia,Male,41,Lahore,Punjab
CUST01002,Shannon Stanley,Male,27,Lahore,Punjab
CUST01003,Kristin Stokes,Female,52,Lahore,Balochistan
CUST01004,James Lozano,Female,41,Peshawar,KPK
CUST01005,Donald Rivas,Female,45,Quetta,Islamabad
CUST01006,Sandra Chapman,Female,53,Quetta,KPK
CUST01007,Heather Smith,Female,33,Multan,Punjab
CUST01008,James Taylor,Female,57,Multan,KPK
CUST01009,Elizabeth Vaughan,Male,33,Lahore,Punjab
CUST01010,Ryan Cooper,Male,34,Quetta,Balochistan
CUST01011,Louis Blake,Male,32,Quetta,Balochistan
CUST01012,Mary Bennett,Female,33,Multan,Balochistan
CUST01013,Elizabeth King,Female,32,Peshawar,Islamabad
CUST01014,Mary Bass,Male,51,Karachi,Islamabad
CUST01015,Samuel Sanchez,Female,28,Karachi,Punjab
CUST01016,Sharon Smith,Female,18,Faisalabad,Sindh
CUST01017,Michael Roth,Male,32,Quetta,Islamabad
CUST01018,Ann Combs,Female,43,Rawalpindi,Punjab
CUST01019,Amanda Johnson,Female,21,Karachi,KPK
CUST01020,Mr. Jose Howard,Male,60,Faisalabad,Balochistan
CUST01021,Joseph Gray,Female,22,Islamabad,Balochistan
CUST01022,Henry Mills,Male,52,Rawalpindi,Balochistan
CUST01023,Barry Allen,Female,30,Quetta,Punjab
CUST01024,Richard Barnes,Female,27,Karachi,Balochistan
CUST01025,Gerald Clark,Female,28,Peshawar,Islamabad
CUST01026,Rhonda Holmes,Male,35,Islamabad,KPK
CUST01027,Laura Gordon,Female,51,Faisalabad,Balochistan
CUST01028,Tracy Wallace,Female,56,Karachi,Punjab
CUST01029,Rodney Williams,Male,58,Quetta,KPK
CUST01030,Jane Beck,Female,59,Karachi,Balochistan
CUST01031,Derrick Curry,Male,40,Multan,Sindh
CUST01032,Travis Dalton,Female,24,Islamabad,Balochistan
CUST01033,Tanya Mcbride,Male,56,Karachi,Islamabad
CUST01034,Allison Douglas,Male,20,Lahore,KPK
CUST01035,William Rodriguez,Male,29,Peshawar,Islamabad
CUST01036,Vanessa Thomas,Female,24,Multan,Sindh
CUST01037,Johnny Bradford,Male,43,Multan,Sindh
CUST01038,Ryan Chavez,Female,50,Karachi,Islamabad
CUST01039,Michael Thompson,Male,54,Peshawar,KPK
CUST01040,Maria Beck,Male,32,Multan,Sindh
CUST01041,Derek Hernandez,Male,19,Rawalpindi,Sindh
CUST01042,Elaine Knight,Female,58,Islamabad,Balochistan
CUST01043,Anna Robinson,Male,24,Rawalpindi,Punjab
CUST01044,Misty Nunez,Female,49,Faisalabad,Sindh
CUST01045,Karen Russell,Female,21,Rawalpindi,KPK
CUST01046,Ethan Price,Female,37,Peshawar,KPK
CUST01047,Jenny Sullivan,Male,53,Lahore,Balochistan
CUST01048,Robert White,Male,49,Multan,KPK
CUST01049,Martha Lang,Female,45,Peshawar,Balochistan
CUST01050,Courtney Hawkins,Male,30,Multan,Sindh
CUST01051,Grace Ball,Female,18,Quetta,Sindh
CUST01052,James Nicholson,Male,52,Lahore,Sindh
CUST01053,Rachel Gibson,Female,47,Multan,Sindh
CUST01054,Aaron Contreras,Female,53,Rawalpindi,Punjab
CUST01055,Cheryl Goodwin,Female,42,Quetta,Punjab
CUST01056,Kimberly Frank,Male,33,Quetta,Sindh
CUST01057,Darius Kelley,Female,36,Faisalabad,KPK
CUST01058,Joseph Ramos,Male,18,Quetta,Balochistan
CUST01059,Lisa Hernandez,Male,22,Quetta,Islamabad
CUST01060,Heather Griffith,Female,39,Karachi,Balochistan
CUST01061,Beth Warner,Female,41,Lahore,Islamabad
CUST01062,Kelsey Murray,Female,60,Rawalpindi,Islamabad
CUST01063,Steven Robinson,Female,62,Peshawar,Sindh
CUST01064,Christine Fleming,Male,54,Rawalpindi,Islamabad
CUST01065,Joanne Harris,Male,53,Rawalpindi,Sindh
CUST01066,Danielle Schmidt,Female,53,Karachi,Punjab
CUST01067,Christian Green,Male,21,Islamabad,KPK
CUST01068,Teresa Powell,Male,53,Multan,Islamabad
CUST01069,Juan Smith,Male,35,Multan,KPK
CUST01070,Sandra Thompson,Male,33,Peshawar,Sindh
CUST01071,Shawn Williams,Male,58,Quetta,Islamabad
CUST01072,Shane Mccormick,Male,35,Faisalabad,Balochistan
CUST01073,Jessica Reynolds,Male,39,Peshawar,Punjab
CUST01074,Jason Nunez,Male,19,Islamabad,Punjab
CUST01075,Katherine Jones,Female,38,Multan,Islamabad
CUST01076,Micheal Houston,Male,53,Faisalabad,Punjab
CUST01077,Sandra Long,Male,61,Peshawar,Balochistan
CUST01078,Carrie Orozco,Female,56,Faisalabad,KPK
CUST01079,Stanley Mitchell,Male,64,Rawalpindi,Balochistan
CUST01080,Joshua Rowe,Female,56,Lahore,Punjab
CUST01081,Mark Cameron,Female,46,Rawalpindi,KPK
CUST01082,David Patterson,Male,43,Karachi,Balochistan
CUST01083,Marilyn Davis,Male,38,Quetta,Sindh
CUST01084,Timothy Blevins,Female,34,Multan,Sindh
CUST01085,Ryan Greene,Female,33,Faisalabad,KPK
CUST01086,Christopher Munoz,Male,48,Peshawar,KPK
CUST01087,Robert Peterson,Female,26,Quetta,KPK
CUST01088,Alicia Allen,Male,48,Lahore,Sindh
CUST01089,Janet Smith,Female,31,Peshawar,Balochistan
CUST01090,Michael Moore,Male,54,Multan,KPK
CUST01091,Paul Martinez,Female,19,Faisalabad,Sindh
CUST01092,Benjamin Hill,Female,63,Faisalabad,KPK
CUST01093,Mr. Gene George,Female,31,Rawalpindi,KPK
CUST01094,Roberta Baxter,Male,50,Lahore,KPK
CUST01095,Matthew Gardner,Male,52,Lahore,Sindh
CUST01096,Mrs. Haley Brown,Male,56,Multan,Balochistan
CUST01097,Timothy Miranda,Male,64,Faisalabad,Sindh
CUST01098,Andrew Walker,Male,37,Quetta,Sindh
CUST01099,Janet Thomas,Female,19,Lahore,KPK
CUST01100,Jonathan Mckay,Male,58,Lahore,Islamabad
CUST01101,Andre Hayes,Male,36,Peshawar,Islamabad
CUST01102,Heather Riley,Female,54,Multan,Islamabad
CUST01103,Ronald Simpson,Female,35,Rawalpindi,Sindh
CUST01104,Angelica Abbott,Female,33,Peshawar,KPK
CUST01105,Terrence Hill,Female,21,Peshawar,Islamabad
CUST01106,Katherine Hinton,Male,29,Islamabad,Punjab
CUST01107,Laura Gonzalez,Male,46,Karachi,Punjab
CUST01108,James Rowland,Female,24,Islamabad,Punjab
CUST01109,Glen Greene,Female,31,Lahore,Balochistan
CUST01110,Dr. Austin Escobar Jr.,Male,29,Faisalabad,KPK
CUST01111,Pedro Thompson,Female,52,Karachi,Sindh
CUST01112,Teresa Clark,Male,22,Karachi,Sindh
CUST01113,Alan Miller,Male,34,Faisalabad,KPK
CUST01114,Brittany Ray,Male,59,Karachi,Balochistan
CUST01115,John Patterson,Female,49,Faisalabad,KPK
CUST01116,Russell Green,Female,27,Karachi,Balochistan
CUST01117,Eric Johnson,Male,60,Peshawar,Islamabad
CUST01118,Rhonda Johnson,Female,34,Quetta,Islamabad
CUST01119,David Tanner,Male,22,Multan,Balochistan
CUST01120,Mary Perez,Male,62,Multan,KPK
CUST01121,Brandon Mclean,Female,59,Islamabad,Islamabad
CUST01122,Richard Munoz,Female,26,Peshawar,KPK
CUST01123,Kelly Lane,Female,50,Karachi,Islamabad
CUST01124,Juan Patton,Female,53,Rawalpindi,KPK
CUST01125,Sandra Robbins,Female,53,Faisalabad,KPK
CUST01126,Raymond Moreno,Female,35,Peshawar,Punjab
CUST01127,Michael Espinoza,Male,26,Karachi,Balochistan
CUST01128,Taylor Lopez,Male,46,Multan,Sindh
CUST01129,Tracey Miller,Male,31,Multan,Balochistan
CUST01130,Kelly Tapia,Male,42,Faisalabad,KPK
CUST01131,Natasha Brown,Female,32,Rawalpindi,KPK
CUST01132,Matthew Davies,Male,23,Karachi,Balochistan
CUST01133,Steven Peck,Male,59,Karachi,KPK
CUST01134,Kevin Mcdonald,Male,46,Rawalpindi,Islamabad
CUST01135,Emily Cox,Female,32,Rawalpindi,KPK
CUST01136,Pamela Berry,Male,46,Rawalpindi,Balochistan
CUST01137,Christopher Lee,Female,21,Multan,Balochistan
CUST01138,Amanda Chen,Male,35,Faisalabad,Balochistan
CUST01139,Marilyn Phillips,Male,61,Peshawar,Punjab
CUST01140,Mark Lloyd,Female,56,Quetta,Punjab
CUST01141,Kevin Fox,Female,33,Rawalpindi,Punjab
CUST01142,Thomas Austin,Male,28,Faisalabad,Punjab
CUST01143,Lori Myers,Female,31,Islamabad,Punjab
CUST01144,Aaron Rodriguez,Female,20,Karachi,Punjab
CUST01145,Adam Hale,Male,59,Karachi,Punjab
CUST01146,Dawn Morris,Female,55,Quetta,Balochistan
CUST01147,Thomas Mclaughlin,Female,62,Quetta,Sindh
CUST01148,Edward Sims,Female,59,Lahore,Punjab
CUST01149,Jocelyn Ramos,Female,35,Islamabad,Balochistan
CUST01150,Aaron Hamilton,Female,37,Peshawar,Sindh
CUST01151,Amy Davis,Female,42,Quetta,Punjab
CUST01152,Diana Grant,Female,55,Rawalpindi,Sindh
CUST01153,Margaret Knight,Female,30,Rawalpindi,Sindh
CUST01154,Matthew Cooley,Female,21,Peshawar,Islamabad
CUST01155,Ashley Mcdaniel,Female,31,Multan,KPK
CUST01156,Gerald Hardin,Female,50,Islamabad,Islamabad
CUST01157,Tamara Rosales,Male,45,Rawalpindi,Sindh
CUST01158,Danielle Jordan,Female,54,Quetta,Balochistan
CUST01159,Mr. Jason Bright,Female,25,Lahore,Punjab
CUST01160,Madison Cooper,Male,61,Faisalabad,KPK
CUST01161,Mary Abbott,Female,51,Karachi,Punjab
CUST01162,Robert Scott,Male,61,Islamabad,Balochistan
CUST01163,Michael Bell,Male,22,Karachi,KPK
CUST01164,Joshua Carrillo,Female,22,Faisalabad,Islamabad
CUST01165,Diane Hines,Male,48,Islamabad,Sindh
CUST01166,Donna Gallegos,Female,62,Quetta,Balochistan
CUST01167,Kayla Scott,Female,26,Faisalabad,Sindh
CUST01168,William Ferrell,Male,59,Rawalpindi,Sindh
CUST01169,Crystal Shepherd,Male,49,Peshawar,Punjab
CUST01170,Stephanie Baker,Male,50,Rawalpindi,Balochistan
CUST01171,Michelle Howell,Female,20,Quetta,Sindh
CUST01172,Melissa Harris,Female,47,Peshawar,Islamabad
CUST01173,David Johnson,Female,29,Rawalpindi,KPK
CUST01174,Cassandra Chan,Male,46,Faisalabad,Balochistan
CUST01175,Marie Reynolds,Female,20,Faisalabad,Punjab
CUST01176,Jonathan Smith,Male,43,Faisalabad,Balochistan
CUST01177,Danny Robinson,Female,47,Karachi,Punjab
CUST01178,Jack Nolan,Male,26,Quetta,KPK
CUST01179,Stephanie Johnson,Female,43,Faisalabad,Islamabad
CUST01180,David Johnson,Male,19,Rawalpindi,Sindh
CUST01181,Erin Frost,Female,20,Lahore,Balochistan
CUST01182,Alexandra Lewis,Male,63,Quetta,Punjab
CUST01183,Kevin Miller,Female,21,Faisalabad,KPK
CUST01184,Joanne Wade,Female,42,Lahore,Sindh
CUST01185,Holly Pham,Male,30,Peshawar,KPK
CUST01186,Paula Mcintyre,Female,56,Rawalpindi,Islamabad
CUST01187,Robert House,Female,61,Faisalabad,Sindh
CUST01188,Matthew Moore,Male,52,Karachi,Sindh
CUST01189,Brooke Nichols,Male,40,Karachi,Sindh
CUST01190,Mrs. Valerie Edwards,Female,26,Peshawar,Punjab
CUST01191,Melissa Allen,Male,19,Lahore,Sindh
CUST01192,Amanda Powell,Female,58,Multan,KPK
CUST01193,Scott Franklin,Male,61,Karachi,Punjab
CUST01194,David Bowers,Female,48,Quetta,Sindh
CUST01195,Robert Johnson,Male,61,Karachi,KPK
CUST01196,David Griffith,Female,64,Karachi,KPK
CUST01197,Mike Mendoza,Female,19,Rawalpindi,Balochistan
CUST01198,James Santos,Female,49,Karachi,KPK
CUST01199,Molly Jacobson,Female,35,Islamabad,Islamabad
CUST01200,Tina Taylor,Male,30,Faisalabad,Sindh
CUST01201,Nancy Buckley,Female,63,Peshawar,Sindh
CUST01202,Daniel Hill,Male,22,Karachi,Sindh
CUST01203,Diamond Ramsey,Male,59,Multan,KPK
CUST01204,Sara Mckee,Male,61,Quetta,KPK
CUST01205,Tyler Arnold,Male,27,Multan,Sindh
CUST01206,Jared Marshall,Female,60,Karachi,Punjab
CUST01207,William Griffin,Female,42,Karachi,Punjab
CUST01208,Linda Randall,Male,51,Islamabad,Islamabad
CUST01209,Nicole Mitchell,Male,54,Karachi,Balochistan
CUST01210,Angela Johnson,Female,47,Karachi,Islamabad
CUST01211,Lisa Molina,Male,24,Faisalabad,Sindh
CUST01212,Alexander Jones,Male,23,Multan,Sindh
CUST01213,Miguel Adams,Male,20,Islamabad,Sindh
CUST01214,Robert Stevens,Female,30,Multan,Balochistan
CUST01215,Sandra Reed,Female,20,Islamabad,KPK
CUST01216,Holly Mooney,Male,43,Multan,Balochistan
CUST01217,Robert Davis,Male,41,Karachi,Islamabad
CUST01218,Hayley Griffith,Female,23,Multan,KPK
CUST01219,Katherine Nelson,Female,60,Multan,KPK
CUST01220,Diane Jones,Male,59,Islamabad,Islamabad
CUST01221,Tyler Weaver,Female,29,Peshawar,KPK
CUST01222,Richard Cameron,Male,53,Lahore,Punjab
CUST01223,Jacob Morris,Male,19,Islamabad,Islamabad
CUST01224,Christine Wright,Female,28,Islamabad,Islamabad
CUST01225,Dennis Curtis,Male,56,Islamabad,Punjab
CUST01226,Abigail Cook,Female,51,Rawalpindi,Balochistan
CUST01227,Chad Vasquez,Male,43,Peshawar,Balochistan
CUST01228,Dana Strickland,Male,35,Rawalpindi,Balochistan
CUST01229,Rebecca Mills,Female,38,Rawalpindi,KPK
CUST01230,Willie Cox,Male,53,Islamabad,Punjab
CUST01231,Amber Weber,Female,57,Lahore,Islamabad
CUST01232,Austin Hamilton,Male,63,Islamabad,Islamabad
CUST01233,Diana Rogers,Male,61,Karachi,Islamabad
CUST01234,Ashley Shaw,Male,39,Lahore,KPK
CUST01235,Rachel Adams,Female,47,Rawalpindi,KPK
CUST01236,Melvin Lee,Male,60,Quetta,Balochistan
CUST01237,Scott Peterson,Female,47,Multan,KPK
CUST01238,Nancy Porter,Male,25,Multan,Balochistan
CUST01239,Stephanie Adams,Female,51,Peshawar,Balochistan
CUST01240,Deborah Alvarez,Male,64,Quetta,Islamabad
CUST01241,Kelly Vazquez,Female,26,Faisalabad,KPK
CUST01242,Anna Yu,Female,37,Peshawar,Balochistan
CUST01243,Hailey Johnson,Female,57,Lahore,Punjab
CUST01244,Nicole Cruz,Female,42,Rawalpindi,Punjab
CUST01245,Edward Jordan,Female,36,Lahore,KPK
CUST01246,Jay Jarvis,Female,22,Lahore,Islamabad
CUST01247,Patrick Mendoza,Male,28,Multan,Islamabad
CUST01248,Raymond Mcclure,Male,32,Islamabad,Balochistan
CUST01249,Joshua Campos,Female,25,Karachi,KPK
CUST01250,Chad Hoffman,Female,36,Faisalabad,Punjab
CUST01251,Donald Lopez,Female,40,Rawalpindi,Balochistan
CUST01252,Christian Smith,Male,44,Lahore,Balochistan
CUST01253,Tamara Delgado,Male,57,Faisalabad,Sindh
CUST01254,Robert Jones,Male,49,Lahore,KPK
CUST01255,Perry Howard,Female,43,Quetta,Balochistan
CUST01256,Mr. Paul Williams PhD,Male,44,Multan,Punjab
CUST01257,Sherri Williams,Male,36,Karachi,Sindh
CUST01258,James Clark,Male,59,Multan,Punjab
CUST01259,Joseph Frost,Male,46,Faisalabad,Islamabad
CUST01260,Gabriel Robbins Jr.,Female,56,Rawalpindi,Sindh
CUST01261,Elizabeth Jones,Male,58,Lahore,Sindh
CUST01262,Nicholas Wolfe,Female,50,Karachi,Balochistan
CUST01263,Cindy Torres,Male,36,Quetta,Islamabad
CUST01264,Brittany Park,Male,54,Multan,Balochistan
CUST01265,Robert Johnson,Male,36,Quetta,KPK
CUST01266,Jonathan Martin,Male,50,Faisalabad,Punjab
CUST01267,Sharon Davis,Male,64,Multan,Punjab
CUST01268,Deborah Colon,Male,33,Lahore,Balochistan
CUST01269,Aaron Terry,Female,40,Lahore,Punjab
CUST01270,Heather Kennedy,Male,24,Quetta,Punjab
CUST01271,Felicia Harding,Female,43,Rawalpindi,KPK
CUST01272,Danny Martin,Female,49,Karachi,Islamabad
CUST01273,Janet Barnes,Female,29,Islamabad,Sindh
CUST01274,Richard Salinas,Male,25,Multan,Balochistan
CUST01275,Linda Costa,Male,22,Lahore,Balochistan
CUST01276,David Mccann,Male,59,Faisalabad,KPK
CUST01277,Monique Garcia,Male,45,Multan,KPK
CUST01278,Anthony Cruz,Female,22,Rawalpindi,Sindh
CUST01279,Mr. Steven Hoffman MD,Male,43,Rawalpindi,Islamabad
CUST01280,Jean Brown,Male,22,Lahore,Balochistan
CUST01281,Linda Mccarthy,Female,39,Lahore,KPK
CUST01282,Danielle Wade,Female,32,Quetta,Balochistan
CUST01283,Sara Torres,Female,30,Lahore,Punjab
CUST01284,Cynthia Martin,Male,45,Quetta,Balochistan
CUST01285,Mark Dickerson,Male,50,Peshawar,Islamabad
CUST01286,Ashley Tapia,Male,60,Islamabad,Islamabad
CUST01287,Thomas Miller,Male,40,Lahore,Balochistan
CUST01288,Michelle Watson,Male,50,Multan,Punjab
CUST01289,William Barron,Male,60,Multan,Islamabad
CUST01290,Jacob Wright,Male,35,Quetta,KPK
CUST01291,Randy Hamilton,Male,47,Peshawar,Balochistan
CUST01292,Heather Atkinson,Male,43,Peshawar,Punjab
CUST01293,Maria Ramirez,Female,33,Karachi,KPK
CUST01294,Jeffrey Collins,Female,30,Faisalabad,Balochistan
CUST01295,Thomas Fernandez,Female,56,Lahore,Punjab
CUST01296,Laura Coleman,Male,50,Quetta,KPK
CUST01297,Kristi Thompson,Male,43,Multan,Islamabad
CUST01298,Danny Wallace,Male,18,Peshawar,Balochistan
CUST01299,Carmen Alvarado,Female,55,Multan,Balochistan
CUST01300,Jacqueline Todd,Female,19,Multan,Islamabad
CUST01301,Douglas Brown,Male,23,Peshawar,Sindh
CUST01302,Valerie Bartlett,Female,63,Islamabad,KPK
CUST01303,Luis Hart,Male,55,Peshawar,Islamabad
CUST01304,Rebecca Parker,Male,59,Peshawar,Balochistan
CUST01305,Charles Johnson,Female,41,Faisalabad,KPK
CUST01306,Sandra Moore,Female,35,Quetta,KPK
CUST01307,Lauren Russell,Female,44,Quetta,Sindh
CUST01308,Cesar Phillips,Female,58,Peshawar,Balochistan
CUST01309,Joshua Yoder,Male,25,Rawalpindi,Punjab
CUST01310,Mary Harper,Female,45,Quetta,Sindh
CUST01311,Jessica Jenkins,Male,27,Quetta,Sindh
CUST01312,Gloria Medina,Female,34,Quetta,Punjab
CUST01313,Stephanie Dunn,Male,46,Peshawar,Punjab
CUST01314,Jennifer Gutierrez,Female,23,Multan,Sindh
CUST01315,Paul Blake,Male,31,Lahore,KPK
CUST01316,Kevin Adams,Female,39,Multan,Islamabad
CUST01317,Spencer Brown,Male,23,Faisalabad,Islamabad
CUST01318,Anna Young,Female,43,Rawalpindi,Sindh
CUST01319,Samantha Washington,Male,56,Peshawar,KPK
CUST01320,Grant Garcia,Male,29,Islamabad,Punjab
CUST01321,James Garner,Male,52,Karachi,Sindh
CUST01322,Charles Palmer,Male,31,Peshawar,Balochistan
CUST01323,Andrew Ayers,Female,39,Lahore,KPK
CUST01324,Daniel Johnson,Male,40,Karachi,Balochistan
CUST01325,William Garcia,Female,24,Islamabad,Balochistan
CUST01326,Daisy Robertson,Male,57,Faisalabad,Sindh
CUST01327,Christine Johnson,Male,42,Faisalabad,KPK
CUST01328,Melissa Peck,Female,30,Islamabad,Balochistan
CUST01329,Robert Malone,Female,38,Multan,KPK
CUST01330,Renee Little,Male,58,Islamabad,Islamabad
CUST01331,Sandra Palmer,Female,27,Quetta,Balochistan
CUST01332,John Villarreal,Female,26,Quetta,Balochistan
CUST01333,Beth Clark,Male,32,Peshawar,KPK
CUST01334,Sean Taylor,Female,19,Lahore,Islamabad
CUST01335,Patricia Watson,Female,42,Quetta,Balochistan
CUST01336,Joshua Cortez,Female,30,Rawalpindi,Sindh
CUST01337,Robert Bryan,Male,51,Peshawar,KPK
CUST01338,Dustin Cox,Female,51,Peshawar,KPK
CUST01339,Mr. Shaun Hernandez DVM,Male,52,Peshawar,Balochistan
CUST01340,Erika Perez,Male,55,Karachi,Islamabad
CUST01341,Christine Ross,Male,20,Karachi,Balochistan
CUST01342,Megan Burns,Male,59,Faisalabad,Punjab
CUST01343,Cody Mcmahon,Female,23,Peshawar,Balochistan
CUST01344,James Miller,Female,36,Multan,Punjab
CUST01345,Benjamin Burgess,Female,20,Quetta,Sindh
CUST01346,Natasha Dennis,Male,35,Faisalabad,KPK
CUST01347,Colton Stout,Male,56,Lahore,KPK
CUST01348,Christine Lewis,Male,26,Islamabad,Islamabad
CUST01349,Regina Whitney,Female,29,Karachi,Balochistan
CUST01350,Adam Martin,Male,22,Peshawar,Sindh
CUST01351,Lindsey Scott,Female,20,Lahore,Punjab
CUST01352,Timothy Barker,Female,28,Faisalabad,Islamabad
CUST01353,Kathryn Bryant,Male,47,Faisalabad,Sindh
CUST01354,Tamara Edwards,Female,21,Karachi,Sindh
CUST01355,Jennifer Smith,Male,22,Faisalabad,Punjab
CUST01356,Andrea Murphy,Female,18,Multan,Punjab
CUST01357,Micheal Bradley,Female,44,Faisalabad,KPK
CUST01358,John Ortiz,Male,45,Rawalpindi,Balochistan
CUST01359,Ronnie Gomez,Male,46,Quetta,Islamabad
CUST01360,Tracy Osborne,Female,35,Islamabad,Balochistan
CUST01361,Donald Gibson,Female,29,Faisalabad,Islamabad
CUST01362,Amy Wilson,Male,30,Quetta,Sindh
CUST01363,Jamie Patterson,Female,58,Quetta,Punjab
CUST01364,Andrew Anderson,Female,19,Rawalpindi,Punjab
CUST01365,Adam Davis,Female,54,Lahore,Sindh
CUST01366,Marie Bradshaw,Male,62,Faisalabad,Sindh
CUST01367,Andrew Fernandez,Female,33,Multan,Islamabad
CUST01368,Mathew Martin,Female,41,Lahore,Sindh
CUST01369,Anthony Berger,Male,52,Quetta,Islamabad
CUST01370,Alexander Alvarado,Male,39,Quetta,Balochistan
CUST01371,Sierra Gaines,Female,53,Peshawar,Punjab
CUST01372,Karen Johnson,Male,28,Faisalabad,Punjab
CUST01373,Melissa Bradley,Female,63,Karachi,Punjab
CUST01374,Lisa Walsh,Male,46,Rawalpindi,Balochistan
CUST01375,Natasha Perry,Male,52,Rawalpindi,Balochistan
CUST01376,Joshua Olson,Female,32,Karachi,KPK
CUST01377,Chad Martinez,Male,48,Islamabad,Islamabad
CUST01378,Daniel Richards,Male,59,Quetta,Islamabad
CUST01379,Heather Williams,Male,58,Peshawar,KPK
CUST01380,Michael Miller,Female,60,Multan,Punjab
CUST01381,Erin Romero,Male,33,Rawalpindi,Islamabad
CUST01382,Jennifer Price,Male,27,Lahore,Islamabad
CUST01383,Derrick Pacheco,Female,49,Quetta,Punjab
CUST01384,Roy Turner,Male,19,Multan,Sindh
CUST01385,Jay Rivers,Female,41,Rawalpindi,Sindh
CUST01386,Jonathon Coffey,Male,40,Peshawar,KPK
CUST01387,Albert Davenport,Female,19,Islamabad,Balochistan
CUST01388,Terry Woodard,Male,55,Peshawar,Islamabad
CUST01389,Pamela Simmons,Female,48,Lahore,Islamabad
CUST01390,Katelyn Hooper,Male,57,Peshawar,KPK
CUST01391,April Burton,Male,43,Multan,KPK
CUST01392,Patricia Robinson,Male,46,Quetta,Islamabad
CUST01393,Jeffery Gonzalez,Male,20,Lahore,Punjab
CUST01394,Michael Willis,Male,31,Quetta,Punjab
CUST01395,Antonio Wallace,Male,42,Karachi,Balochistan
CUST01396,Colleen Joseph,Female,18,Faisalabad,Islamabad
CUST01397,Robert Collins,Male,20,Karachi,Islamabad
CUST01398,Mitchell Miller,Male,43,Multan,Islamabad
CUST01399,Alexandria Walker,Female,35,Faisalabad,Islamabad
CUST01400,Robert Fernandez,Female,26,Karachi,KPK
CUST01401,Sarah Bowman,Male,55,Faisalabad,Sindh
CUST01402,Amy Stevens,Male,40,Rawalpindi,Islamabad
CUST01403,Rebecca Walker,Male,38,Peshawar,Sindh
CUST01404,Melanie Jackson,Female,18,Lahore,Punjab
CUST01405,Curtis Torres,Female,38,Faisalabad,Balochistan
CUST01406,Mr. Travis Oliver,Male,44,Rawalpindi,Punjab
CUST01407,Nicole Miller,Female,59,Peshawar,Islamabad
CUST01408,Sarah Andersen MD,Female,23,Peshawar,Punjab
CUST01409,Robert Wilson,Female,61,Islamabad,KPK
CUST01410,Kyle Bell,Female,53,Quetta,Sindh
CUST01411,Theresa Stewart,Male,45,Karachi,Islamabad
CUST01412,Elizabeth Edwards,Male,62,Islamabad,KPK
CUST01413,Edward Mclean,Male,34,Quetta,Sindh
CUST01414,Benjamin Smith,Male,57,Quetta,KPK
CUST01415,Mark Garcia,Male,20,Multan,Punjab
CUST01416,Todd Young,Female,29,Rawalpindi,Islamabad
CUST01417,Harold Nguyen,Male,56,Islamabad,Punjab
CUST01418,Laura Johnson,Male,29,Islamabad,Balochistan
CUST01419,Ashley Wagner,Male,19,Quetta,Islamabad
CUST01420,Justin Ramos,Female,63,Peshawar,Punjab
CUST01421,Victor Vega,Male,39,Rawalpindi,Islamabad
CUST01422,Nicholas Dean,Male,40,Peshawar,Sindh
CUST01423,Jessica Johnson,Male,47,Lahore,Islamabad
CUST01424,Valerie Smith,Male,22,Faisalabad,Islamabad
CUST01425,Randy Davidson,Female,26,Multan,Sindh
CUST01426,Kyle Lindsey,Female,38,Multan,Punjab
CUST01427,Kelsey Morgan,Male,28,Karachi,Islamabad
CUST01428,Craig Davis,Female,22,Peshawar,KPK
CUST01429,John Huerta,Female,52,Faisalabad,Islamabad
CUST01430,Alexandra Garner,Female,44,Quetta,Punjab
CUST01431,Anthony Arellano,Male,19,Karachi,Sindh
CUST01432,Christine House,Male,41,Multan,Punjab
CUST01433,Terri Phillips,Male,48,Faisalabad,Balochistan
CUST01434,Jeffery Bennett,Female,50,Islamabad,Islamabad
CUST01435,James Griffin,Male,56,Lahore,Islamabad
CUST01436,Alison Shaw,Male,47,Quetta,Sindh
CUST01437,Charles Mueller,Male,63,Islamabad,Islamabad
CUST01438,Julie Lee,Female,54,Lahore,KPK
CUST01439,Jonathan Mckee,Male,45,Quetta,KPK
CUST01440,Steven Rivera,Female,48,Peshawar,Punjab
CUST01441,Ashley Henderson,Female,28,Rawalpindi,Sindh
CUST01442,David Jenkins,Male,40,Karachi,Balochistan
CUST01443,Amber Humphrey,Female,19,Karachi,Punjab
CUST01444,Jay Caldwell,Male,57,Rawalpindi,Sindh
CUST01445,Sean Powell,Female,58,Faisalabad,Sindh
CUST01446,Michael Moore,Male,44,Rawalpindi,Punjab
CUST01447,Joshua Fowler,Female,52,Peshawar,Punjab
CUST01448,Edward Cantu,Female,19,Multan,Islamabad
CUST01449,Benjamin Simmons,Female,56,Rawalpindi,Balochistan
CUST01450,Jordan Hernandez,Female,54,Lahore,KPK
CUST01451,Timothy Potts,Male,38,Multan,Islamabad
CUST01452,Tracy Rubio,Female,22,Rawalpindi,Sindh
CUST01453,Timothy Miller DDS,Female,62,Karachi,Balochistan
CUST01454,Taylor Anderson,Female,38,Islamabad,Balochistan
CUST01455,David Hatfield,Male,46,Lahore,Punjab
CUST01456,Jonathan Martin,Female,37,Peshawar,Balochistan
CUST01457,Wayne Stanton,Female,55,Lahore,Balochistan
CUST01458,Nancy Alvarez,Female,37,Quetta,Sindh
CUST01459,Kenneth Saunders,Male,42,Faisalabad,Islamabad
CUST01460,Amy Schwartz,Female,19,Islamabad,Balochistan
CUST01461,Dana Rangel,Male,49,Lahore,Punjab
CUST01462,Justin Lin,Female,43,Quetta,Islamabad
CUST01463,Ryan Mendoza,Male,23,Rawalpindi,Punjab
CUST01464,Alicia Hill,Female,58,Lahore,Balochistan
CUST01465,Cynthia Rodriguez,Female,20,Lahore,Islamabad
CUST01466,Joseph Castillo,Male,50,Lahore,Balochistan
CUST01467,Nancy Barron,Female,18,Faisalabad,Sindh
CUST01468,Jacob Henderson,Male,22,Lahore,Islamabad
CUST01469,Sandra Thompson,Female,30,Lahore,Punjab
CUST01470,Justin Lee,Female,36,Faisalabad,Sindh
CUST01471,Daniel Benson,Female,29,Quetta,KPK
CUST01472,Linda Michael,Female,42,Multan,Punjab
CUST01473,Brenda Morrow,Female,52,Islamabad,Balochistan
CUST01474,James Holmes,Male,29,Quetta,Punjab
CUST01475,Steven Robertson,Male,47,Peshawar,KPK
CUST01476,Willie Rowe IV,Female,22,Multan,Punjab
CUST01477,Mr. Joe Robles,Female,51,Karachi,Sindh
CUST01478,Alexander Olsen,Female,39,Faisalabad,Punjab
CUST01479,John Davis,Female,56,Faisalabad,Islamabad
CUST01480,Ricky Smith,Male,30,Lahore,KPK
CUST01481,Maria Hall,Female,64,Lahore,Punjab
CUST01482,Wesley Ramirez,Male,20,Peshawar,KPK
CUST01483,Gregory Barajas,Male,37,Karachi,Sindh
CUST01484,Daniel Morrison,Male,48,Lahore,Islamabad
CUST01485,William Love,Male,22,Rawalpindi,Balochistan
CUST01486,Michelle Stevens,Male,41,Lahore,Punjab
CUST01487,Christian Brown,Male,57,Lahore,Sindh
CUST01488,Kimberly Ray,Female,50,Rawalpindi,KPK
CUST01489,Michael Greer,Male,25,Karachi,KPK
CUST01490,Chelsea Bryan,Male,41,Rawalpindi,Sindh
CUST01491,Carlos Steele,Male,37,Faisalabad,Punjab
CUST01492,Melanie Maxwell,Male,33,Rawalpindi,Balochistan
CUST01493,Rebecca Elliott,Male,29,Islamabad,Punjab
CUST01494,Sarah Smith,Male,30,Faisalabad,Islamabad
CUST01495,Christopher Roberson,Female,62,Lahore,Punjab
CUST01496,Christine Lopez,Female,59,Peshawar,Islamabad
CUST01497,Jamie Olson,Female,56,Faisalabad,KPK
CUST01498,Rebecca Solomon DDS,Male,42,Karachi,Islamabad
CUST01499,Randy Anderson,Male,63,Karachi,Balochistan
CUST01500,Savannah Heath,Female,49,Rawalpindi,Sindh
CUST01501,Morgan Sullivan,Male,41,Faisalabad,Islamabad
CUST01502,Rebecca Doyle,Male,64,Lahore,Punjab
CUST01503,Carlos Garcia,Male,61,Karachi,Islamabad
CUST01504,Abigail Phillips,Male,26,Multan,KPK
CUST01505,Michael Smith,Male,57,Lahore,Islamabad
CUST01506,Krista Lopez,Male,40,Multan,Balochistan
CUST01507,Troy Reid,Female,30,Islamabad,Islamabad
CUST01508,Marissa Mays,Male,49,Multan,Balochistan
CUST01509,Donald Bailey,Female,32,Quetta,Punjab
CUST01510,Mr. Jeremy Bryant MD,Female,53,Karachi,KPK
CUST01511,Courtney Hopkins,Female,22,Rawalpindi,Sindh
CUST01512,Keith Horton,Female,39,Islamabad,Punjab
CUST01513,Natasha Duarte,Female,33,Faisalabad,Punjab
CUST01514,Tamara Price,Male,58,Lahore,Sindh
CUST01515,Jerry Adams,Male,27,Karachi,Islamabad
CUST01516,Brenda Miller,Male,41,Islamabad,Islamabad
CUST01517,Dawn Aguilar,Female,35,Islamabad,Islamabad
CUST01518,Terri Cisneros,Female,35,Quetta,KPK
CUST01519,Vincent Rice,Male,24,Karachi,Punjab
CUST01520,Mary Bolton,Female,21,Faisalabad,Balochistan
CUST01521,Linda Maldonado,Male,43,Faisalabad,Sindh
CUST01522,Tiffany Rogers,Female,22,Rawalpindi,Punjab
CUST01523,Brian Kramer,Male,33,Peshawar,Islamabad
CUST01524,Eric Powell,Male,52,Multan,Sindh
CUST01525,James Williams,Male,43,Faisalabad,Balochistan
CUST01526,Billy Ross,Male,35,Quetta,Punjab
CUST01527,Ricky King,Male,46,Rawalpindi,Punjab
CUST01528,Vincent Young,Male,40,Multan,KPK
CUST01529,Tina Ramirez,Female,31,Islamabad,Punjab
CUST01530,Nancy Maldonado,Male,32,Karachi,Punjab
CUST01531,Tammy Wright,Male,50,Faisalabad,Balochistan
CUST01532,Ryan Rodgers,Female,42,Rawalpindi,Balochistan
CUST01533,John Acosta,Female,38,Islamabad,Sindh
CUST01534,Robin Dunn,Male,34,Faisalabad,Islamabad
CUST01535,Annette Jordan,Male,40,Lahore,Balochistan
CUST01536,Kristen Mcdonald,Male,60,Peshawar,Sindh
CUST01537,Jerry Hernandez,Male,34,Islamabad,Punjab
CUST01538,Laura Moore,Female,31,Quetta,Sindh
CUST01539,Eric Hooper,Male,46,Quetta,Sindh
CUST01540,Melvin Harris,Male,37,Faisalabad,Sindh
CUST01541,Alexis Weaver,Female,47,Quetta,Sindh
CUST01542,Robert Martin,Male,36,Islamabad,Balochistan
CUST01543,Julie Boyd,Female,56,Karachi,Islamabad
CUST01544,Margaret Vazquez,Male,30,Karachi,Sindh
CUST01545,Timothy Roy,Female,35,Peshawar,KPK
CUST01546,Taylor Bailey,Male,40,Karachi,Punjab
CUST01547,Gerald Powell,Female,63,Multan,Punjab
CUST01548,Sandra Lowe,Female,50,Lahore,Punjab
CUST01549,Jeffrey Oliver,Male,56,Karachi,Punjab
CUST01550,Bridget Haley,Female,57,Quetta,Punjab
CUST01551,Paige Jackson,Female,35,Lahore,Sindh
CUST01552,Shannon Rodgers,Female,26,Karachi,Islamabad
CUST01553,Stephen Ramirez,Female,50,Multan,KPK
CUST01554,Jane White,Female,49,Quetta,Balochistan
CUST01555,John Stein,Male,34,Islamabad,KPK
CUST01556,Breanna Kelly,Male,36,Faisalabad,Balochistan
CUST01557,Dr. Jennifer Holden,Female,44,Faisalabad,Balochistan
CUST01558,Claudia Barker,Male,23,Karachi,KPK
CUST01559,Amy Gillespie,Female,52,Faisalabad,Sindh
CUST01560,Spencer Cabrera,Female,54,Karachi,Punjab
CUST01561,Alan Bryan Jr.,Male,51,Karachi,Sindh
CUST01562,Andrea Carroll,Male,37,Quetta,Punjab
CUST01563,Michael Lawrence,Female,42,Peshawar,Islamabad
CUST01564,Mary Stewart,Male,21,Rawalpindi,Balochistan
CUST01565,Tanya Rasmussen,Female,27,Rawalpindi,KPK
CUST01566,Brenda Nicholson,Male,27,Peshawar,Islamabad
CUST01567,Paul Cruz,Female,41,Rawalpindi,Punjab
CUST01568,Kenneth Christian,Male,38,Lahore,Sindh
CUST01569,Cole Taylor,Female,28,Rawalpindi,KPK
CUST01570,Jenna Parsons,Male,44,Karachi,Balochistan
CUST01571,Shawn Ortiz,Female,33,Multan,Islamabad
CUST01572,Paige Ramirez,Male,43,Multan,Balochistan
CUST01573,Luis King,Female,47,Islamabad,Punjab
CUST01574,David Fletcher,Female,33,Quetta,Balochistan
CUST01575,Kurt Garcia,Male,24,Rawalpindi,Sindh
CUST01576,Jennifer Mclean,Male,33,Multan,Islamabad
CUST01577,Rita Lucas,Male,52,Rawalpindi,Islamabad
CUST01578,Jacqueline Smith,Female,33,Quetta,Sindh
CUST01579,George Lowery,Female,57,Islamabad,Balochistan
CUST01580,Mary Cardenas,Male,29,Multan,Sindh
CUST01581,Cathy Smith,Male,52,Karachi,KPK
CUST01582,Karen Smith,Male,38,Lahore,Sindh
CUST01583,Matthew Kelly,Female,60,Peshawar,Balochistan
CUST01584,Cassandra Rodriguez,Male,53,Peshawar,Sindh
CUST01585,Angela Morrison,Female,34,Peshawar,Punjab
CUST01586,Craig Fowler DVM,Male,49,Rawalpindi,Sindh
CUST01587,Amy Johnson,Female,58,Multan,Sindh
CUST01588,Tristan Reynolds,Male,23,Quetta,Balochistan
CUST01589,Danielle Whitaker,Male,41,Quetta,KPK
CUST01590,Allison Hill,Female,44,Multan,KPK
CUST01591,Randy Clay,Female,37,Islamabad,Balochistan
CUST01592,Douglas Garcia,Female,42,Karachi,Balochistan
CUST01593,Cynthia Reyes,Male,19,Faisalabad,Balochistan
CUST01594,Melissa Robertson,Male,26,Multan,Punjab
CUST01595,Gregory Williams V,Female,45,Lahore,Islamabad
CUST01596,Adam Patterson,Female,55,Islamabad,Sindh
CUST01597,Larry Cordova,Male,20,Multan,Balochistan
CUST01598,Deborah Gonzalez,Male,37,Multan,Balochistan
CUST01599,Diana Wells,Male,23,Islamabad,Balochistan
CUST01600,Christopher Duncan,Female,56,Islamabad,KPK
CUST01601,Jeffrey Olson,Male,50,Rawalpindi,Balochistan
CUST01602,Maria Cox,Male,18,Multan,Sindh
CUST01603,Lisa Young,Male,54,Faisalabad,Balochistan
CUST01604,Jeremy Morales,Male,23,Lahore,Sindh
CUST01605,Michael Miller,Male,62,Karachi,Punjab
CUST01606,Felicia Bautista,Male,51,Karachi,Islamabad
CUST01607,Michelle Cruz,Male,64,Faisalabad,KPK
CUST01608,Kevin Watts,Female,32,Quetta,Sindh
CUST01609,Robert Brown,Male,62,Islamabad,Punjab
CUST01610,Leslie Torres,Male,43,Islamabad,Islamabad
CUST01611,Larry Murray,Female,31,Quetta,Islamabad
CUST01612,Dr. Judy Walker DDS,Female,24,Islamabad,Islamabad
CUST01613,Christina Shepard,Male,63,Quetta,Sindh
CUST01614,Joshua Alvarado,Male,48,Multan,Punjab
CUST01615,Donald Bartlett,Male,41,Quetta,Balochistan
CUST01616,Jessica Bridges,Female,48,Islamabad,Punjab
CUST01617,David Evans,Female,46,Islamabad,Punjab
CUST01618,Julia Phelps,Female,59,Multan,Punjab
CUST01619,Wendy Caldwell,Female,49,Quetta,Sindh
CUST01620,Scott Conrad,Female,34,Multan,Sindh
CUST01621,John Vincent,Male,31,Faisalabad,Sindh
CUST01622,Steven Frazier,Male,57,Rawalpindi,Punjab
CUST01623,Hannah Spears,Female,53,Multan,Sindh
CUST01624,Mark Williams,Female,41,Lahore,Islamabad
CUST01625,Diana Diaz,Male,62,Islamabad,Sindh
CUST01626,Brandy Santos,Female,44,Rawalpindi,KPK
CUST01627,Lawrence Gates,Male,42,Karachi,Sindh
CUST01628,Norman Green,Male,49,Faisalabad,Sindh
CUST01629,Jennifer King,Male,35,Quetta,Sindh
CUST01630,Kent Riley,Male,63,Rawalpindi,Sindh
CUST01631,Eric Sims,Female,35,Multan,KPK
CUST01632,Stacey Bernard,Male,54,Islamabad,Balochistan
CUST01633,Jocelyn Watson,Female,43,Islamabad,Sindh
CUST01634,Brenda Lewis,Female,26,Islamabad,Islamabad
CUST01635,Jeremy Olson,Female,52,Rawalpindi,KPK
CUST01636,Briana Stephens,Male,25,Islamabad,Balochistan
CUST01637,Jade Stewart,Male,37,Multan,Sindh
CUST01638,Alejandra Hogan,Male,59,Quetta,Balochistan
CUST01639,Jonathan Hobbs,Female,39,Rawalpindi,Islamabad
CUST01640,Jennifer Harris,Female,36,Islamabad,KPK
CUST01641,Michelle Howard,Male,47,Karachi,KPK
CUST01642,Danielle Rodriguez,Female,45,Karachi,Balochistan
CUST01643,Linda Vazquez,Male,52,Lahore,Sindh
CUST01644,Jeffery Foster,Female,60,Islamabad,Punjab
CUST01645,Peter Bond,Male,28,Islamabad,KPK
CUST01646,Danielle Hays,Female,48,Rawalpindi,Punjab
CUST01647,Ryan Davis,Male,56,Rawalpindi,KPK
CUST01648,Traci Vasquez,Female,53,Peshawar,Sindh
CUST01649,Paul Wright,Female,47,Quetta,Sindh
CUST01650,Jaime Chapman,Female,40,Islamabad,KPK
CUST01651,Anthony Lucero,Male,36,Lahore,Balochistan
CUST01652,Jermaine Nash,Male,29,Quetta,Sindh
CUST01653,Anthony Martin,Male,32,Islamabad,Sindh
CUST01654,Monica Boyer,Male,48,Quetta,Islamabad
CUST01655,John Sanders,Male,60,Multan,Sindh
CUST01656,Christopher Johnson,Female,54,Rawalpindi,Islamabad
CUST01657,Christopher Wall,Female,54,Islamabad,Sindh
CUST01658,Taylor Ochoa,Male,32,Quetta,Sindh
CUST01659,Sandra Hicks,Male,46,Rawalpindi,Balochistan
CUST01660,Dennis Ramirez,Male,60,Islamabad,Balochistan
CUST01661,Nathaniel Gould,Female,43,Faisalabad,Sindh
CUST01662,Betty Johnson,Male,61,Rawalpindi,KPK
CUST01663,Tiffany Marshall,Female,19,Quetta,KPK
CUST01664,Sarah Ramirez,Male,37,Lahore,Sindh
CUST01665,Mr. Benjamin Bishop Jr.,Female,32,Faisalabad,KPK
CUST01666,Jacqueline Nixon,Female,21,Multan,Sindh
CUST01667,Ryan Shepard,Male,39,Islamabad,Balochistan
CUST01668,Matthew Wood,Female,55,Peshawar,Punjab
CUST01669,Madeline Miller,Male,40,Multan,Islamabad
CUST01670,Ashley Ellis,Female,43,Rawalpindi,KPK
CUST01671,Christopher Parsons,Male,28,Faisalabad,KPK
CUST01672,Erica Morgan,Female,45,Multan,Balochistan
CUST01673,Ryan Higgins,Female,19,Lahore,KPK
CUST01674,William Cain,Female,25,Peshawar,Sindh
CUST01675,Amy Richardson,Female,46,Rawalpindi,Sindh
CUST01676,Samantha Moore,Male,28,Faisalabad,Punjab
CUST01677,Gloria Haas,Male,54,Multan,Punjab
CUST01678,Richard Obrien,Male,35,Faisalabad,Punjab
CUST01679,Lori Riddle DDS,Male,31,Faisalabad,Sindh
CUST01680,Brandy Summers,Female,27,Multan,Punjab
CUST01681,Joshua Cameron,Male,52,Karachi,Punjab
CUST01682,Jasmine Lopez,Female,26,Islamabad,Sindh
CUST01683,Randall Webb,Female,52,Quetta,Balochistan
CUST01684,Rachel Perez,Female,28,Rawalpindi,KPK
CUST01685,Matthew Adams,Male,61,Rawalpindi,Islamabad
CUST01686,Brittany Hill,Female,29,Peshawar,Sindh
CUST01687,Angelica Gomez,Female,20,Peshawar,Sindh
CUST01688,Ryan Griffith,Male,56,Peshawar,Islamabad
CUST01689,Craig Gray,Female,31,Rawalpindi,Islamabad
CUST01690,Brian White,Female,45,Faisalabad,Punjab
CUST01691,Crystal Bryant,Male,28,Peshawar,Islamabad
CUST01692,Megan Stewart,Male,56,Multan,KPK
CUST01693,Joseph Castillo,Male,42,Islamabad,KPK
CUST01694,Cathy Schmitt,Male,38,Lahore,KPK
CUST01695,Daniel Clements,Male,27,Rawalpindi,KPK
CUST01696,Dr. Cheryl Bender MD,Male,60,Multan,KPK
CUST01697,Eric Johnson,Male,32,Islamabad,Punjab
CUST01698,Bradley Arnold,Male,36,Islamabad,Sindh
CUST01699,Erica Jordan,Female,39,Karachi,Islamabad
CUST01700,Michael Nelson,Male,38,Quetta,Sindh
CUST01701,Timothy Wright,Female,61,Multan,Islamabad
CUST01702,Ashley Ewing,Male,49,Rawalpindi,Punjab
CUST01703,Dr. William Edwards MD,Male,40,Peshawar,Punjab
CUST01704,Keith Pena,Male,30,Faisalabad,Balochistan
CUST01705,Sarah Esparza,Male,22,Peshawar,Balochistan
CUST01706,Phillip Sanchez,Male,21,Islamabad,Punjab
CUST01707,Marcia Nash,Female,45,Islamabad,Punjab
CUST01708,Karen Allen,Male,31,Lahore,Islamabad
CUST01709,Ashley Howard,Female,25,Peshawar,Punjab
CUST01710,Brian Brown,Female,26,Quetta,Sindh
CUST01711,Christopher Mclaughlin,Male,52,Quetta,Islamabad
CUST01712,Ronnie Anderson,Male,54,Karachi,Punjab
CUST01713,Jason Mcfarland,Female,38,Quetta,Islamabad
CUST01714,Mark Williams,Male,35,Islamabad,Islamabad
CUST01715,Jonathan Alvarado,Male,50,Islamabad,KPK
CUST01716,Mr. Joseph Johnson,Female,25,Quetta,Balochistan
CUST01717,Elijah Deleon,Male,34,Faisalabad,Islamabad
CUST01718,Michele Salazar,Female,60,Faisalabad,Islamabad
CUST01719,Tara Tyler,Female,48,Quetta,KPK
CUST01720,Thomas Martinez,Male,51,Lahore,Punjab
CUST01721,Michael Hendricks,Male,23,Multan,Islamabad
CUST01722,Maria Gilmore,Male,39,Lahore,KPK
CUST01723,Justin Foster,Male,31,Lahore,Sindh
CUST01724,Stephen Mcintyre,Male,20,Quetta,KPK
CUST01725,Terry Bennett,Female,29,Faisalabad,Balochistan
CUST01726,Christina Taylor,Male,53,Peshawar,Balochistan
CUST01727,Courtney Boyer,Male,29,Peshawar,Punjab
CUST01728,Amy Roberts,Female,62,Quetta,Punjab
CUST01729,Margaret Moore,Female,19,Peshawar,Balochistan
CUST01730,Isaac Lee,Female,19,Multan,Balochistan
CUST01731,Samuel Torres,Male,32,Faisalabad,Islamabad
CUST01732,Brandi Allen MD,Female,40,Quetta,Balochistan
CUST01733,Rebecca Barr,Male,46,Karachi,Punjab
CUST01734,Michelle Mckay,Male,34,Rawalpindi,Balochistan
CUST01735,John Wallace,Male,49,Rawalpindi,Punjab
CUST01736,Douglas Rice,Female,24,Quetta,Sindh
CUST01737,Crystal Wong,Male,47,Quetta,Balochistan
CUST01738,Joshua Williams,Male,45,Karachi,Punjab
CUST01739,Victor Frey,Male,31,Peshawar,KPK
CUST01740,Jennifer Donaldson,Male,61,Rawalpindi,Islamabad
CUST01741,Laura Jenkins,Female,47,Multan,Punjab
CUST01742,Hector Ellis,Female,34,Quetta,Balochistan
CUST01743,Melinda Johnson,Female,49,Faisalabad,Balochistan
CUST01744,Marcus Soto,Male,63,Rawalpindi,Sindh
CUST01745,Alex Moody,Male,23,Multan,KPK
CUST01746,Lisa Smith,Male,41,Faisalabad,Punjab
CUST01747,Grant Richardson,Male,23,Quetta,KPK
CUST01748,Debra Francis,Male,44,Multan,Sindh
CUST01749,Amanda Taylor,Female,35,Karachi,Islamabad
CUST01750,Lori Singh,Male,41,Quetta,KPK
CUST01751,Brian Pierce,Male,54,Lahore,Sindh
CUST01752,Cory Garcia,Male,41,Karachi,Punjab
CUST01753,Jason Manning,Male,55,Rawalpindi,Islamabad
CUST01754,Jason Rollins,Male,51,Faisalabad,Balochistan
CUST01755,Adam Johnson,Female,57,Multan,Sindh
CUST01756,Jeffrey Schultz,Female,64,Rawalpindi,Balochistan
CUST01757,Catherine Ramos,Female,32,Rawalpindi,Islamabad
CUST01758,Sarah Mitchell,Male,28,Quetta,Sindh
CUST01759,Crystal Schmitt,Male,39,Lahore,Sindh
CUST01760,Rhonda Parsons,Male,41,Peshawar,Islamabad
CUST01761,Mr. Taylor Lamb MD,Male,18,Rawalpindi,Punjab
CUST01762,Casey West,Female,35,Lahore,Sindh
CUST01763,Mariah Castaneda,Male,61,Faisalabad,Islamabad
CUST01764,Judy Smith,Male,29,Faisalabad,KPK
CUST01765,Megan Fleming,Male,60,Multan,Balochistan
CUST01766,Michael Miranda,Male,45,Peshawar,Sindh
CUST01767,Jocelyn Morrison,Female,57,Lahore,KPK
CUST01768,Stanley Martinez,Male,24,Karachi,Sindh
CUST01769,Hannah Sherman,Male,40,Faisalabad,Punjab
CUST01770,Robert Griffin,Male,38,Quetta,Islamabad
CUST01771,Christine Brown,Male,51,Peshawar,Sindh
CUST01772,Heather Contreras,Female,28,Multan,Islamabad
CUST01773,Sean Kim,Female,39,Karachi,Sindh
CUST01774,Samantha Jordan,Female,59,Faisalabad,Punjab
CUST01775,Benjamin Hahn,Female,52,Faisalabad,Punjab
CUST01776,Matthew Hanna,Male,46,Multan,KPK
CUST01777,Paul Love,Female,59,Multan,Punjab
CUST01778,Christina Horne,Male,45,Islamabad,Islamabad
CUST01779,Amanda Mills,Male,35,Quetta,Punjab
CUST01780,David Johnson,Female,31,Rawalpindi,Sindh
CUST01781,Amber Chapman,Male,35,Rawalpindi,Punjab
CUST01782,Laurie Peterson,Female,45,Karachi,Islamabad
CUST01783,Jason Mejia,Male,41,Rawalpindi,Sindh
CUST01784,Casey Miller,Female,25,Karachi,KPK
CUST01785,Rachel Snyder,Female,59,Peshawar,KPK
CUST01786,Jenna Jennings,Female,62,Faisalabad,KPK
CUST01787,Cynthia Garcia,Female,25,Islamabad,Sindh
CUST01788,Michelle Rosario,Female,21,Islamabad,KPK
CUST01789,Rebecca Little,Male,44,Quetta,Punjab
CUST01790,Mia Maxwell,Male,53,Quetta,Sindh
CUST01791,Jeffery Barajas,Male,22,Faisalabad,Sindh
CUST01792,William Powell,Female,50,Multan,Sindh
CUST01793,Madison Bradford,Male,51,Quetta,Balochistan
CUST01794,Sheila Crawford,Female,47,Quetta,Islamabad
CUST01795,Karen Anderson,Male,25,Lahore,Balochistan
CUST01796,David Mullins,Male,56,Lahore,Balochistan
CUST01797,Sarah Graham,Female,64,Rawalpindi,Balochistan
CUST01798,Andrew Leonard,Male,43,Multan,Islamabad
CUST01799,Andrew Heath,Male,54,Karachi,Balochistan
CUST01800,Robert Banks,Male,51,Peshawar,KPK
CUST01801,James Fletcher,Female,24,Islamabad,Sindh
CUST01802,Keith Davis,Female,57,Rawalpindi,Sindh
CUST01803,Debbie Collins,Male,45,Quetta,Punjab
CUST01804,Ashley Ross,Male,56,Faisalabad,KPK
CUST01805,Jennifer Mullins,Male,56,Multan,Islamabad
CUST01806,Michelle Brown,Female,45,Quetta,Sindh
CUST01807,Sara Young,Female,31,Islamabad,Balochistan
CUST01808,Karen Young,Male,55,Karachi,Punjab
CUST01809,Daniel Kaufman,Male,21,Karachi,Punjab
CUST01810,Jeremy Garcia,Male,59,Lahore,Sindh
CUST01811,Mr. Tristan Scott,Female,35,Rawalpindi,KPK
CUST01812,Katrina Clark,Female,61,Quetta,Punjab
CUST01813,Beth Schmidt,Male,42,Faisalabad,Sindh
CUST01814,Christina Velasquez,Male,24,Islamabad,KPK
CUST01815,Claudia Harrell,Male,55,Quetta,Sindh
CUST01816,Michael Williams,Female,45,Peshawar,Sindh
CUST01817,Lisa Taylor,Male,22,Karachi,KPK
CUST01818,Willie Lynn,Female,20,Quetta,KPK
CUST01819,Samantha Williams,Female,61,Islamabad,KPK
CUST01820,Rodney Hicks,Male,48,Faisalabad,Sindh
CUST01821,Alexandria Myers,Male,64,Islamabad,Punjab
CUST01822,Diana Kelley,Male,59,Rawalpindi,Islamabad
CUST01823,Gregory Johnson,Female,37,Lahore,Islamabad
CUST01824,Melissa Simpson,Female,36,Islamabad,Sindh
CUST01825,Jason Hudson,Female,28,Multan,Sindh
CUST01826,Barbara Garza,Male,57,Quetta,Punjab
CUST01827,Bradley Morgan,Male,20,Lahore,KPK
CUST01828,Jason Walker,Female,40,Faisalabad,Sindh
CUST01829,Donna Carroll,Female,24,Lahore,Balochistan
CUST01830,Michelle Huerta,Male,40,Islamabad,KPK
CUST01831,Mark Thompson,Female,24,Islamabad,Sindh
CUST01832,Rickey Stevens,Female,63,Multan,Balochistan
CUST01833,Tony Johnson,Female,51,Karachi,Punjab
CUST01834,Bryan Gonzalez,Female,59,Quetta,Balochistan
CUST01835,Kerry Manning,Female,36,Multan,Sindh
CUST01836,Dana Ortiz,Female,26,Islamabad,Islamabad
CUST01837,Robert Price,Male,35,Peshawar,Sindh
CUST01838,Debra Cochran,Male,58,Lahore,Islamabad
CUST01839,David Goodman,Female,62,Multan,Punjab
CUST01840,Danny Wilson,Male,59,Multan,Punjab
CUST01841,Jason Bailey,Male,42,Quetta,KPK
CUST01842,Scott Davies,Male,31,Peshawar,KPK
CUST01843,Theresa Hayes,Male,61,Peshawar,Islamabad
CUST01844,Jessica Harris,Female,42,Peshawar,Islamabad
CUST01845,Andrew Andrews,Female,36,Quetta,Punjab
CUST01846,David Nelson,Male,56,Karachi,Balochistan
CUST01847,Gregory Carr,Male,32,Islamabad,Islamabad
CUST01848,Molly Morales,Male,33,Islamabad,Islamabad
CUST01849,William Brewer,Female,44,Faisalabad,Balochistan
CUST01850,Kathryn Jefferson,Female,57,Quetta,KPK
CUST01851,Joseph Monroe,Male,27,Karachi,KPK
CUST01852,Regina Riley,Female,21,Faisalabad,Islamabad
CUST01853,Nicholas Wood,Female,36,Faisalabad,KPK
CUST01854,Erin Boyd,Female,45,Faisalabad,KPK
CUST01855,Pamela Hernandez,Female,38,Quetta,KPK
CUST01856,Anthony Ellis,Male,64,Rawalpindi,Punjab
CUST01857,Gwendolyn Craig,Female,31,Faisalabad,Sindh
CUST01858,Rebecca Burnett,Male,50,Multan,Islamabad
CUST01859,Anthony Ramirez,Female,27,Lahore,Islamabad
CUST01860,Lauren Mueller,Female,36,Multan,Punjab
CUST01861,Rebecca Drake,Female,47,Multan,Sindh
CUST01862,Christian Lopez,Female,39,Islamabad,Sindh
CUST01863,Nathaniel Hogan,Male,20,Rawalpindi,Punjab
CUST01864,Christopher Walton,Male,54,Quetta,Balochistan
CUST01865,James Mooney,Female,58,Faisalabad,Balochistan
CUST01866,Brian Hernandez,Female,35,Islamabad,Sindh
CUST01867,Whitney Miller,Male,28,Karachi,Balochistan
CUST01868,Mary Nelson,Male,19,Karachi,Balochistan
CUST01869,Kenneth Lamb,Male,29,Quetta,Balochistan
CUST01870,Susan Hicks,Female,23,Islamabad,Sindh
CUST01871,Casey Weber,Female,60,Lahore,Balochistan
CUST01872,Nicholas Gordon,Male,57,Quetta,Islamabad
CUST01873,Troy Mcmillan Jr.,Male,61,Islamabad,Sindh
CUST01874,Stacey Stark,Female,46,Islamabad,Punjab
CUST01875,Ricky Church,Female,47,Rawalpindi,Balochistan
CUST01876,Alexander Lopez,Male,19,Quetta,KPK
CUST01877,Kristy Hendricks,Female,26,Karachi,Sindh
CUST01878,Laura Gaines,Male,64,Karachi,Punjab
CUST01879,Sandra Singh,Male,19,Faisalabad,Islamabad
CUST01880,Deborah Anderson,Female,46,Multan,Punjab
CUST01881,Beth Robinson,Female,50,Quetta,Balochistan
CUST01882,Samuel Sawyer,Female,27,Islamabad,KPK
CUST01883,Laura Murray,Female,51,Quetta,Balochistan
CUST01884,Patrick Cruz,Female,61,Islamabad,Punjab
CUST01885,William Duncan,Male,25,Lahore,Sindh
CUST01886,Randy Huff,Male,54,Quetta,KPK
CUST01887,Veronica Sharp,Male,50,Peshawar,KPK
CUST01888,James Hill,Male,64,Peshawar,Punjab
CUST01889,Michael Morrow,Female,23,Karachi,Balochistan
CUST01890,Rebecca Williams,Female,61,Lahore,Punjab
CUST01891,Matthew Vargas,Male,57,Rawalpindi,KPK
CUST01892,Derek Ross II,Male,62,Faisalabad,Punjab
CUST01893,Mrs. Shari Carr,Female,36,Lahore,KPK
CUST01894,Greg Lamb,Male,49,Karachi,Balochistan
CUST01895,Justin Jones,Female,44,Rawalpindi,Sindh
CUST01896,Justin Alexander,Female,18,Islamabad,Sindh
CUST01897,Jay Gill,Female,60,Rawalpindi,Punjab
CUST01898,Todd Robinson,Male,50,Multan,KPK
CUST01899,Mary Lopez,Male,57,Quetta,Sindh
CUST01900,Holly Brown,Female,49,Lahore,KPK
CUST01901,Amber Aguilar DVM,Female,22,Karachi,Balochistan
CUST01902,Joshua Bell,Male,34,Lahore,Punjab
CUST01903,Nicholas Garcia,Female,25,Islamabad,KPK
CUST01904,Joshua Maynard,Male,59,Peshawar,Punjab
CUST01905,Gail Wright MD,Female,51,Islamabad,KPK
CUST01906,Terry Freeman,Male,26,Karachi,KPK
CUST01907,Brandon Edwards,Female,40,Multan,Balochistan
CUST01908,Jennifer Hernandez,Male,52,Faisalabad,Punjab
CUST01909,James Taylor,Male,24,Quetta,Islamabad
CUST01910,Crystal Perry,Male,32,Quetta,KPK
CUST01911,Shirley Schmidt,Male,37,Rawalpindi,KPK
CUST01912,Travis Kane,Female,42,Rawalpindi,Sindh
CUST01913,Kevin Miller,Female,20,Islamabad,Punjab
CUST01914,Robert Gilmore,Male,63,Lahore,Islamabad
CUST01915,Kelly Perkins,Male,41,Peshawar,Balochistan
CUST01916,Patrick Ortiz,Female,51,Lahore,Islamabad
CUST01917,Kendra Barrera,Female,63,Multan,Balochistan
CUST01918,Adrian Hicks,Female,39,Faisalabad,Islamabad
CUST01919,Bobby Moran,Male,28,Quetta,Islamabad
CUST01920,Jaclyn Moore,Male,25,Lahore,Punjab
CUST01921,Dillon Mckenzie,Female,56,Quetta,Sindh
CUST01922,Mrs. Michelle White,Male,60,Rawalpindi,Islamabad
CUST01923,Mary Davis,Female,52,Quetta,KPK
CUST01924,Kathleen Chen,Male,63,Peshawar,KPK
CUST01925,Brittney Holden,Female,55,Quetta,KPK
CUST01926,Shane Anderson,Male,25,Lahore,Sindh
CUST01927,David Sanchez,Female,54,Peshawar,Islamabad
CUST01928,Timothy Webb,Male,44,Quetta,Balochistan
CUST01929,Juan Garcia,Female,45,Faisalabad,Balochistan
CUST01930,Adam Williams,Male,57,Rawalpindi,Punjab
CUST01931,Deborah Hill,Female,51,Quetta,Sindh
CUST01932,Stephanie Gonzalez,Female,49,Peshawar,Islamabad
CUST01933,Peter Rios,Female,32,Lahore,KPK
CUST01934,Tracy Duarte,Female,61,Rawalpindi,Sindh
CUST01935,Derrick Collins,Female,34,Islamabad,Sindh
CUST01936,Matthew Green,Female,50,Islamabad,Islamabad
CUST01937,Steven Porter,Male,64,Multan,Punjab
CUST01938,Amy Schmidt,Female,63,Islamabad,Punjab
CUST01939,Nancy Duncan,Male,33,Lahore,Punjab
CUST01940,Joy Galvan,Male,46,Faisalabad,KPK
CUST01941,Benjamin Griffin,Male,26,Rawalpindi,KPK
CUST01942,Zachary French,Male,50,Peshawar,Islamabad
CUST01943,Mathew Lester,Female,46,Karachi,Punjab
CUST01944,Lawrence Garcia,Female,30,Islamabad,Islamabad
CUST01945,Patricia Hurst,Female,38,Islamabad,Punjab
CUST01946,Brandon Blake,Male,38,Karachi,Sindh
CUST01947,Daniel Gregory,Male,22,Peshawar,Balochistan
CUST01948,Alyssa Wilson,Male,27,Peshawar,Balochistan
CUST01949,Haley Massey,Male,23,Karachi,Punjab
CUST01950,Regina Williams,Male,30,Peshawar,Islamabad
CUST01951,Heather Villarreal,Male,18,Lahore,KPK
CUST01952,Phillip Crawford,Male,37,Peshawar,Punjab
CUST01953,Margaret Kelley,Female,64,Rawalpindi,Punjab
CUST01954,Heather Everett,Female,63,Peshawar,KPK
CUST01955,Nicole Acosta,Female,25,Quetta,Punjab
CUST01956,Curtis Vincent,Female,27,Quetta,Sindh
CUST01957,Leslie Wells,Female,26,Islamabad,KPK
CUST01958,Christopher Ferrell,Male,58,Faisalabad,Sindh
CUST01959,Roy Jackson,Female,20,Lahore,Balochistan
CUST01960,Toni Bell,Female,28,Lahore,KPK
CUST01961,Anne Burgess,Male,29,Peshawar,KPK
CUST01962,Angel Bean,Male,27,Faisalabad,Islamabad
CUST01963,Mark Taylor,Female,42,Faisalabad,Islamabad
CUST01964,Lee Sellers,Male,42,Multan,KPK
CUST01965,Joseph Hayes,Female,28,Faisalabad,Balochistan
CUST01966,Jeffery Dawson,Female,53,Peshawar,Punjab
CUST01967,Kathy Gonzalez,Male,56,Peshawar,Islamabad
CUST01968,Samantha Allison,Male,43,Karachi,Balochistan
CUST01969,Joseph Valenzuela,Male,31,Islamabad,Balochistan
CUST01970,Ashley Robinson,Male,56,Quetta,Islamabad
CUST01971,Laura Smith,Male,57,Multan,Punjab
CUST01972,Zachary Myers,Female,18,Peshawar,Islamabad
CUST01973,Sherry Holland,Male,21,Karachi,Balochistan
CUST01974,Jesus Ferguson,Male,47,Multan,Sindh
CUST01975,Michelle Leonard,Male,29,Islamabad,Islamabad
CUST01976,Catherine Bates,Female,52,Multan,Balochistan
CUST01977,Luis Monroe,Male,30,Karachi,Islamabad
CUST01978,Benjamin Smith,Male,48,Rawalpindi,Balochistan
CUST01979,Dr. Jennifer Jackson,Female,55,Quetta,Punjab
CUST01980,Melissa Morgan,Female,60,Peshawar,Balochistan
CUST01981,Lisa Price,Male,40,Quetta,KPK
CUST01982,Mark Duffy,Female,21,Islamabad,Sindh
CUST01983,Mary Jones,Male,33,Lahore,Balochistan
CUST01984,Lauren Williams MD,Male,24,Islamabad,Islamabad
CUST01985,Curtis Benton,Male,39,Islamabad,Islamabad
CUST01986,Paige Dawson,Male,46,Islamabad,Balochistan
CUST01987,Kyle Howe,Female,28,Rawalpindi,KPK
CUST01988,Keith Burton,Male,50,Peshawar,Balochistan
CUST01989,Kimberly Stanley,Male,46,Karachi,Punjab
CUST01990,Melissa Wood,Female,56,Peshawar,KPK
CUST01991,Gary Friedman,Female,29,Lahore,Balochistan
CUST01992,Miguel Lewis,Male,24,Karachi,Sindh
CUST01993,Virginia Escobar,Female,56,Multan,KPK
CUST01994,Stephanie Salinas,Male,59,Multan,Balochistan
CUST01995,Sarah Vega,Female,43,Multan,Sindh
CUST01996,Zachary Moore,Female,57,Karachi,Balochistan
CUST01997,Shelby Ray,Female,26,Faisalabad,Punjab
CUST01998,Christopher Davila,Male,58,Rawalpindi,Islamabad
CUST01999,Krystal Sanchez,Male,51,Faisalabad,Balochistan
CUST02000,Amy Morales,Male,62,Peshawar,KPK
CUST02001,Timothy Palmer,Male,30,Multan,Balochistan
CUST02002,Hannah Small,Male,53,Rawalpindi,Balochistan
CUST02003,Amber Williams,Female,42,Karachi,Balochistan
CUST02004,Kayla Conrad,Male,41,Multan,Balochistan
CUST02005,Randy Hood,Male,61,Karachi,KPK
CUST02006,Renee Orozco,Female,34,Rawalpindi,KPK
CUST02007,Linda Johnson,Male,19,Karachi,Balochistan
CUST02008,Cameron Stark,Female,30,Karachi,Islamabad
CUST02009,Terri Wilkerson,Male,48,Lahore,Balochistan
CUST02010,Olivia Bolton,Male,46,Peshawar,KPK
CUST02011,Laura Howard,Male,45,Faisalabad,Punjab
CUST02012,Michael Higgins,Male,44,Quetta,Balochistan
CUST02013,Autumn Brock,Female,32,Faisalabad,Balochistan
CUST02014,Cody Johnson,Male,48,Faisalabad,Balochistan
CUST02015,Claire Romero,Male,57,Islamabad,Balochistan
CUST02016,Chad Richardson,Male,32,Lahore,Sindh
CUST02017,Dr. Nicholas Raymond,Male,50,Quetta,Balochistan
CUST02018,Kevin Santana,Female,37,Multan,KPK
CUST02019,Michael Allen,Male,59,Multan,KPK
CUST02020,Antonio Neal,Female,29,Multan,Sindh
CUST02021,James Young,Female,54,Faisalabad,Balochistan
CUST02022,Susan Dougherty,Female,26,Peshawar,Islamabad
CUST02023,Linda Wilson,Female,40,Faisalabad,Balochistan
CUST02024,Stephanie Bell,Male,25,Quetta,KPK
CUST02025,Mary Perkins,Male,49,Peshawar,Punjab
CUST02026,Daniel Ruiz,Male,31,Lahore,Punjab
CUST02027,Joshua Knight,Female,44,Peshawar,Islamabad
CUST02028,Caroline Dudley,Female,42,Quetta,Balochistan
CUST02029,Laurie Yates,Male,30,Karachi,Sindh
CUST02030,Nicole Williams,Female,38,Faisalabad,Balochistan
CUST02031,Christopher Chandler,Male,62,Multan,Islamabad
CUST02032,Alexandra Hill,Female,48,Karachi,Islamabad
CUST02033,Alyssa Peterson,Male,54,Faisalabad,Islamabad
CUST02034,Katherine Robinson,Female,60,Rawalpindi,Punjab
CUST02035,Kim Greer,Female,22,Islamabad,Balochistan
CUST02036,David Johnson,Male,30,Faisalabad,Balochistan
CUST02037,Christopher Perry,Male,45,Rawalpindi,Sindh
CUST02038,Derrick Smith,Male,60,Quetta,Islamabad
CUST02039,Wesley Schwartz,Male,42,Lahore,Islamabad
CUST02040,Ann Miles,Male,52,Rawalpindi,KPK
CUST02041,Randall Simmons,Female,64,Lahore,KPK
CUST02042,Laura Johnson,Female,56,Faisalabad,Punjab
CUST02043,Emma Conway,Male,24,Lahore,Balochistan
CUST02044,Evan Watkins,Male,55,Rawalpindi,Sindh
CUST02045,Cheryl Roth,Female,49,Peshawar,Sindh
CUST02046,Kenneth Waller,Female,20,Islamabad,Islamabad
CUST02047,Caitlyn Kennedy,Male,62,Karachi,Sindh
CUST02048,Cindy Lozano,Female,56,Karachi,Islamabad
CUST02049,Christine Clark,Male,54,Islamabad,Balochistan
CUST02050,James Simon,Male,39,Multan,Sindh
CUST02051,Jonathan Mckay MD,Male,25,Karachi,Islamabad
CUST02052,Julia Page,Male,34,Quetta,Balochistan
CUST02053,James Welch DDS,Male,44,Faisalabad,Balochistan
CUST02054,Drew Johnson,Female,50,Multan,Islamabad
CUST02055,Leslie Martinez,Female,63,Faisalabad,Islamabad
CUST02056,Jennifer Weaver,Female,34,Rawalpindi,Punjab
CUST02057,Roy Griffith,Male,59,Quetta,Balochistan
CUST02058,Todd Wells,Male,29,Rawalpindi,Islamabad
CUST02059,Timothy Krueger,Female,63,Multan,Balochistan
CUST02060,Richard Fernandez,Male,44,Multan,Sindh
CUST02061,Susan White,Male,25,Quetta,KPK
CUST02062,Ana Bates,Male,40,Quetta,KPK
CUST02063,Diamond Nelson,Female,59,Multan,Islamabad
CUST02064,Dr. Earl Lang,Male,46,Multan,Islamabad
CUST02065,Troy Harris,Male,37,Lahore,Balochistan
CUST02066,Brian White,Female,33,Peshawar,Islamabad
CUST02067,Virginia Dudley,Male,34,Multan,Balochistan
CUST02068,Timothy Spencer,Male,33,Quetta,Islamabad
CUST02069,Jared Khan,Male,36,Peshawar,Balochistan
CUST02070,Alex Jordan,Male,25,Multan,Islamabad
CUST02071,Jason Curry,Female,55,Rawalpindi,Punjab
CUST02072,Stephen Mullins,Male,55,Faisalabad,Balochistan
CUST02073,Terry Stanley,Male,46,Peshawar,Punjab
CUST02074,Joshua Benson,Female,58,Rawalpindi,Punjab
CUST02075,Dawn Johnson,Female,53,Karachi,Punjab
CUST02076,Daisy Benson,Female,43,Quetta,Punjab
CUST02077,Michael Davenport,Male,48,Lahore,Sindh
CUST02078,Jennifer Mckenzie MD,Male,61,Lahore,KPK
CUST02079,Larry Smith,Female,29,Faisalabad,Sindh
CUST02080,Spencer Sanders,Female,34,Multan,Islamabad
CUST02081,Tammy Avila,Male,32,Rawalpindi,Islamabad
CUST02082,Ashley Stevens,Male,26,Karachi,KPK
CUST02083,Justin Ford,Male,56,Rawalpindi,KPK
CUST02084,Nicholas Williams,Female,59,Quetta,KPK
CUST02085,Heidi Morales,Male,29,Quetta,Punjab
CUST02086,Crystal Walker,Male,49,Multan,Sindh
CUST02087,Robert Palmer,Male,42,Multan,Islamabad
CUST02088,Joshua Wilson,Female,56,Quetta,Sindh
CUST02089,Timothy Black,Female,35,Islamabad,Sindh
CUST02090,Jamie Owens,Male,32,Quetta,Sindh
CUST02091,Tyler Garrison,Female,49,Rawalpindi,KPK
CUST02092,Danielle Dyer,Female,23,Faisalabad,KPK
CUST02093,Jennifer Dennis,Male,61,Rawalpindi,Islamabad
CUST02094,Jennifer Cowan,Male,60,Lahore,Islamabad
CUST02095,Jerry Bryant,Male,52,Karachi,Islamabad
CUST02096,Andrew Rodriguez,Female,51,Peshawar,Sindh
CUST02097,Gary Krueger,Female,55,Faisalabad,KPK
CUST02098,Adrian Johnson,Female,22,Islamabad,Punjab
CUST02099,Daniel Montgomery,Female,35,Karachi,Sindh
CUST02100,Julian Weaver,Male,33,Karachi,Balochistan
CUST02101,Mrs. Karen Whitney MD,Female,25,Peshawar,Sindh
CUST02102,Sherry Jenkins,Male,42,Lahore,KPK
CUST02103,Barbara Bailey,Male,49,Lahore,Balochistan
CUST02104,Louis Larson,Female,43,Lahore,Sindh
CUST02105,Gavin Keller,Female,39,Faisalabad,KPK
CUST02106,Mark Carson,Male,48,Rawalpindi,KPK
CUST02107,Jillian Bryan,Female,60,Karachi,Punjab
CUST02108,Sarah Short,Female,27,Rawalpindi,Sindh
CUST02109,Sergio Oliver,Male,29,Rawalpindi,KPK
CUST02110,Brooke Glover,Female,45,Lahore,Islamabad
CUST02111,Michael Andrade,Male,23,Rawalpindi,KPK
CUST02112,Thomas Pratt,Male,37,Karachi,Punjab
CUST02113,Sarah Park,Male,22,Karachi,KPK
CUST02114,Tyler Ball,Female,40,Multan,Sindh
CUST02115,Megan Chavez,Female,26,Islamabad,Sindh
CUST02116,Sarah Escobar DDS,Male,46,Faisalabad,Balochistan
CUST02117,Pamela Lynch,Male,33,Rawalpindi,Sindh
CUST02118,David Castillo,Female,63,Faisalabad,Balochistan
CUST02119,Samantha Liu,Male,39,Faisalabad,Islamabad
CUST02120,Isabella Clark,Female,25,Faisalabad,Punjab
CUST02121,David Ellis,Female,37,Peshawar,Islamabad
CUST02122,Tanner Page,Male,31,Quetta,Balochistan
CUST02123,Casey Powell,Female,56,Multan,KPK
CUST02124,Carolyn Ortega,Male,54,Faisalabad,KPK
CUST02125,Wendy Bridges,Female,51,Quetta,Islamabad
CUST02126,Debra Richardson,Female,28,Quetta,KPK
CUST02127,Tiffany Moore,Female,57,Multan,Balochistan
CUST02128,Amanda Hudson,Male,50,Karachi,Punjab
CUST02129,David Johnston,Female,48,Peshawar,Sindh
CUST02130,Mark Watts,Male,61,Rawalpindi,Balochistan
CUST02131,Pamela Ruiz,Male,51,Multan,Balochistan
CUST02132,Michael Smith,Male,24,Islamabad,Sindh
CUST02133,David Moran,Female,40,Quetta,Sindh
CUST02134,Lauren Kelly,Male,63,Faisalabad,Punjab
CUST02135,Abigail Meyer,Female,24,Quetta,Punjab
CUST02136,Autumn Williams,Female,42,Peshawar,Punjab
CUST02137,Debra Gordon,Male,20,Islamabad,KPK
CUST02138,Kimberly Martin,Female,55,Karachi,Balochistan
CUST02139,Deanna Bradley,Male,37,Karachi,Sindh
CUST02140,Darlene Aguilar,Female,51,Lahore,Balochistan
CUST02141,Terry Thompson,Female,61,Faisalabad,Balochistan
CUST02142,Terry Juarez,Male,61,Lahore,Punjab
CUST02143,William Ashley,Female,47,Peshawar,Punjab
CUST02144,Tina Johnson,Male,34,Islamabad,Balochistan
CUST02145,James Franklin,Male,27,Quetta,Punjab
CUST02146,Joshua Phelps,Female,52,Rawalpindi,KPK
CUST02147,Nina Martin,Male,37,Lahore,Sindh
CUST02148,Gloria Martin,Male,35,Karachi,Balochistan
CUST02149,Patrick Rodriguez,Male,62,Faisalabad,Sindh
CUST02150,Kenneth Long,Female,61,Quetta,KPK
CUST02151,Mark Sellers MD,Male,44,Islamabad,Punjab
CUST02152,Ronnie Gaines,Male,53,Multan,Islamabad
CUST02153,Barbara Willis,Female,40,Peshawar,KPK
CUST02154,Chad Flowers,Female,49,Peshawar,Islamabad
CUST02155,Daniel Copeland,Male,27,Karachi,Sindh
CUST02156,Jacob Adkins,Male,28,Multan,Balochistan
CUST02157,Anne Blevins,Male,55,Peshawar,Punjab
CUST02158,Edwin Jenkins,Male,23,Rawalpindi,KPK
CUST02159,Richard Nicholson,Male,58,Quetta,Punjab
CUST02160,Alicia Patel,Female,64,Faisalabad,Islamabad
CUST02161,Mr. Jeffery King,Female,51,Quetta,Islamabad
CUST02162,Andre Gonzales,Female,53,Rawalpindi,Balochistan
CUST02163,Cynthia Johnson,Male,54,Peshawar,Islamabad
CUST02164,Joe Montes,Female,34,Rawalpindi,Balochistan
CUST02165,Keith Watson DDS,Male,57,Quetta,KPK
CUST02166,John Perry,Female,57,Peshawar,Balochistan
CUST02167,Christopher Norman,Female,29,Faisalabad,Islamabad
CUST02168,David Johnson,Male,38,Faisalabad,Sindh
CUST02169,Valerie Guzman,Female,57,Multan,Balochistan
CUST02170,Adam Wolfe,Male,36,Rawalpindi,Punjab
CUST02171,James Buchanan,Female,20,Islamabad,Sindh
CUST02172,Keith Dunn,Male,35,Multan,Balochistan
CUST02173,Jennifer Moore,Male,36,Faisalabad,Punjab
CUST02174,Tammy Hodges,Female,64,Karachi,Sindh
CUST02175,Sonia Stanley,Male,23,Peshawar,Balochistan
CUST02176,Christopher Gomez,Female,33,Multan,KPK
CUST02177,Cody Galvan,Male,25,Lahore,Punjab
CUST02178,Lisa Lyons,Female,35,Islamabad,KPK
CUST02179,Kelli Williams,Female,60,Peshawar,Islamabad
CUST02180,Victoria Ruiz,Male,56,Multan,Balochistan
CUST02181,Rachel Ward,Male,29,Faisalabad,Balochistan
CUST02182,Zachary Dennis,Male,62,Quetta,Punjab
CUST02183,Stacy Green,Male,27,Faisalabad,Balochistan
CUST02184,Tiffany Mccormick,Male,24,Islamabad,Islamabad
CUST02185,Veronica Turner,Female,63,Lahore,Balochistan
CUST02186,Nicholas Nelson,Female,18,Multan,Sindh
CUST02187,Heather Herrera,Female,53,Quetta,KPK
CUST02188,Kevin Martin,Female,38,Multan,Islamabad
CUST02189,Karen Thomas,Female,54,Rawalpindi,Islamabad
CUST02190,Amanda Mitchell,Female,41,Karachi,KPK
CUST02191,Darlene Scott,Male,42,Faisalabad,KPK
CUST02192,Zachary Hardy,Female,24,Multan,Islamabad
CUST02193,Andrew Osborn,Female,59,Multan,KPK
CUST02194,Brian Lopez,Female,34,Peshawar,Punjab
CUST02195,Tracy Rivera,Male,46,Peshawar,KPK
CUST02196,Ashley Rivera,Male,47,Multan,Sindh
CUST02197,Michael Anderson,Male,24,Lahore,Sindh
CUST02198,Nicole Garcia,Female,50,Karachi,Punjab
CUST02199,Johnny Bell,Male,24,Multan,KPK
CUST02200,Paula Fox,Male,41,Islamabad,Sindh
CUST02201,Gordon Rangel,Female,28,Faisalabad,Balochistan
CUST02202,Kirk Fuentes,Male,26,Rawalpindi,KPK
CUST02203,Travis Figueroa,Male,29,Peshawar,Punjab
CUST02204,Mr. Justin Long,Male,52,Islamabad,KPK
CUST02205,Marc Cox,Female,21,Faisalabad,Islamabad
CUST02206,Alyssa Petersen,Female,53,Quetta,Islamabad
CUST02207,Nathan Nguyen,Male,45,Peshawar,Sindh
CUST02208,Kelsey Adams,Female,30,Lahore,Islamabad
CUST02209,Ronald Sanchez MD,Male,40,Peshawar,Punjab
CUST02210,Michael Hill,Female,36,Karachi,Sindh
CUST02211,Cynthia Morales,Female,59,Karachi,Punjab
CUST02212,Brooke Alvarez,Female,54,Faisalabad,Punjab
CUST02213,Philip Wright,Male,56,Islamabad,Islamabad
CUST02214,Robin Lyons,Female,41,Rawalpindi,Islamabad
CUST02215,Anthony Rodriguez,Female,33,Lahore,Punjab
CUST02216,Taylor Jackson,Male,50,Faisalabad,Islamabad
CUST02217,Glenn Harris,Female,29,Quetta,Islamabad
CUST02218,Gina Miller,Male,51,Lahore,Islamabad
CUST02219,Ashley Garcia,Female,24,Karachi,KPK
CUST02220,Michelle Reeves,Male,28,Multan,Punjab
CUST02221,Tamara Sweeney,Female,48,Multan,Balochistan
CUST02222,Jacob Jones,Male,46,Rawalpindi,Punjab
CUST02223,Kristy Richard,Male,30,Lahore,Sindh
CUST02224,Erica Mccarty,Male,48,Faisalabad,Islamabad
CUST02225,Rebekah Whitaker,Male,19,Rawalpindi,Islamabad
CUST02226,Shannon Johnston,Male,56,Peshawar,Balochistan
CUST02227,Maxwell Perry,Male,32,Peshawar,Sindh
CUST02228,Jasmine Marshall,Female,28,Quetta,KPK
CUST02229,Michael Hammond,Male,51,Islamabad,Punjab
CUST02230,Jennifer Williams,Male,56,Multan,KPK
CUST02231,Mark Schaefer,Female,21,Faisalabad,Sindh
CUST02232,Mackenzie Frazier,Male,28,Lahore,Balochistan
CUST02233,Beverly Brown,Female,46,Rawalpindi,Sindh
CUST02234,Evelyn Lawrence,Female,19,Faisalabad,Balochistan
CUST02235,Timothy Horn,Female,33,Rawalpindi,KPK
CUST02236,Angela Greer,Female,56,Rawalpindi,KPK
CUST02237,Michelle Riley,Female,30,Rawalpindi,Sindh
CUST02238,James Nichols,Male,54,Lahore,Sindh
CUST02239,Katherine Miller,Male,34,Faisalabad,Islamabad
CUST02240,Danielle Mills,Male,38,Karachi,Balochistan
CUST02241,Jeremiah Martin,Female,61,Karachi,Islamabad
CUST02242,Michael Taylor,Male,36,Lahore,Punjab
CUST02243,Jason Williams,Female,24,Peshawar,Punjab
CUST02244,Tammy Rodriguez,Female,55,Lahore,Sindh
CUST02245,Jonathon Bryant,Female,25,Multan,KPK
CUST02246,Austin Howard,Male,30,Rawalpindi,Punjab
CUST02247,Tina Thompson,Male,54,Faisalabad,Punjab
CUST02248,David Young,Female,19,Faisalabad,Islamabad
CUST02249,Kelly Suarez,Female,58,Islamabad,Islamabad
CUST02250,Tracy Sosa,Male,28,Islamabad,Punjab
CUST02251,Christina Smith,Male,41,Quetta,Sindh
CUST02252,Gina Montgomery,Female,23,Karachi,Islamabad
CUST02253,Lisa Pierce,Female,43,Islamabad,Punjab
CUST02254,Vanessa Martinez,Female,24,Islamabad,KPK
CUST02255,Amanda Miller,Female,56,Karachi,Islamabad
CUST02256,Angela Cooper,Female,36,Multan,Punjab
CUST02257,Katelyn Ramirez,Male,23,Peshawar,Balochistan
CUST02258,Sabrina Anderson,Male,60,Karachi,Islamabad
CUST02259,Shelley Johnson,Male,46,Peshawar,Balochistan
CUST02260,Lisa Hartman,Male,60,Quetta,Islamabad
CUST02261,Kristin Carter,Female,56,Islamabad,Islamabad
CUST02262,Steven Miles,Female,19,Faisalabad,Balochistan
CUST02263,Rebecca Russell,Female,36,Islamabad,Sindh
CUST02264,David Hill,Male,21,Rawalpindi,Punjab
CUST02265,Kirsten Lopez,Female,23,Quetta,Sindh
CUST02266,Anna Aguilar,Female,54,Peshawar,Sindh
CUST02267,Amy Welch,Female,45,Peshawar,Punjab
CUST02268,Erin Walters,Female,47,Rawalpindi,KPK
CUST02269,Nancy Lewis,Male,24,Rawalpindi,Sindh
CUST02270,Jennifer Davies,Male,26,Multan,Sindh
CUST02271,Ryan Williams,Male,42,Lahore,Sindh
CUST02272,Robert Campbell,Male,50,Rawalpindi,KPK
CUST02273,Alexander Booth,Male,18,Peshawar,Islamabad
CUST02274,Vicki Cherry,Female,23,Faisalabad,Balochistan
CUST02275,Robert Marks,Female,35,Peshawar,Balochistan
CUST02276,Kelsey Smith,Female,27,Peshawar,KPK
CUST02277,Derek Haynes,Female,45,Multan,Sindh
CUST02278,Steve King,Male,28,Lahore,Balochistan
CUST02279,Lisa Edwards,Female,50,Lahore,KPK
CUST02280,Russell Tanner,Male,18,Rawalpindi,Punjab
CUST02281,Johnny Miller,Male,30,Quetta,Balochistan
CUST02282,Hannah Evans,Male,54,Islamabad,Punjab
CUST02283,Stefanie Hawkins,Male,37,Peshawar,Sindh
CUST02284,Megan Rice,Male,18,Karachi,Balochistan
CUST02285,Amanda Harris,Male,20,Islamabad,KPK
CUST02286,Christina Cook,Male,35,Islamabad,Islamabad
CUST02287,Maria Taylor,Female,58,Lahore,Balochistan
CUST02288,Katherine Thompson,Male,31,Lahore,Balochistan
CUST02289,Crystal Bryant,Male,48,Multan,Balochistan
CUST02290,Sarah Serrano,Male,44,Multan,Balochistan
CUST02291,Larry Edwards,Female,34,Lahore,KPK
CUST02292,Scott Mclean,Male,63,Faisalabad,KPK
CUST02293,Robin Brewer,Male,46,Faisalabad,Islamabad
CUST02294,James Harrison,Male,53,Karachi,KPK
CUST02295,Scott Shepherd,Male,54,Lahore,KPK
CUST02296,Alexandra Mccoy,Male,43,Rawalpindi,Sindh
CUST02297,Jeffrey Freeman,Male,34,Multan,Sindh
CUST02298,Lynn Lam,Male,39,Lahore,Punjab
CUST02299,Cynthia Foster,Male,42,Faisalabad,Islamabad
CUST02300,Vincent Lucas,Male,19,Lahore,Sindh
CUST02301,Robert Gonzalez,Female,39,Faisalabad,Islamabad
CUST02302,Julia Thompson,Female,22,Lahore,Islamabad
CUST02303,Sandra Compton,Male,21,Peshawar,Balochistan
CUST02304,Craig Clark,Male,53,Rawalpindi,Islamabad
CUST02305,Darrell Oneill,Female,23,Quetta,Balochistan
CUST02306,Molly Hendricks,Male,38,Karachi,Punjab
CUST02307,Jorge Duffy,Male,30,Peshawar,Punjab
CUST02308,Jessica Perez,Female,54,Rawalpindi,Punjab
CUST02309,Tyler Smith,Male,42,Faisalabad,Balochistan
CUST02310,Benjamin Wallace,Male,43,Multan,Balochistan
CUST02311,Heather Smith,Male,56,Multan,Punjab
CUST02312,Eric Hunter,Female,37,Islamabad,Balochistan
CUST02313,Amanda Lewis,Male,50,Rawalpindi,KPK
CUST02314,Christopher Smith,Female,31,Lahore,KPK
CUST02315,Patricia Keith,Female,53,Karachi,Balochistan
CUST02316,Thomas Ramos,Male,34,Lahore,Balochistan
CUST02317,John Morton,Male,38,Lahore,Sindh
CUST02318,Barbara May,Male,63,Rawalpindi,Sindh
CUST02319,Joshua Hall,Male,33,Quetta,Islamabad
CUST02320,Javier Gibbs,Male,63,Karachi,Islamabad
CUST02321,Miss Meagan Woods,Female,33,Islamabad,Islamabad
CUST02322,Kelly Howard,Female,37,Peshawar,Punjab
CUST02323,Pamela Hall,Female,46,Lahore,KPK
CUST02324,Kristin Miller,Male,45,Karachi,Punjab
CUST02325,James Mullins,Female,25,Islamabad,Balochistan
CUST02326,Cheryl Rogers MD,Female,41,Peshawar,Sindh
CUST02327,Amanda Tate,Female,20,Lahore,Balochistan
CUST02328,Joanna Friedman,Male,42,Karachi,Balochistan
CUST02329,James Conner,Female,36,Peshawar,Sindh
CUST02330,Sonya Carter,Male,50,Rawalpindi,Balochistan
CUST02331,Kelly Lewis,Male,19,Quetta,Islamabad
CUST02332,John Miller,Male,32,Multan,Sindh
CUST02333,Lucas Jordan,Female,39,Multan,Balochistan
CUST02334,Mrs. Dawn Perez,Female,27,Lahore,Islamabad
CUST02335,Lori Reese,Male,35,Lahore,Islamabad
CUST02336,Erica Osborne,Male,39,Peshawar,KPK
CUST02337,Cory Delgado,Male,63,Karachi,Islamabad
CUST02338,Donald Wagner,Male,44,Multan,Punjab
CUST02339,David Marsh,Male,30,Lahore,Sindh
CUST02340,Joyce Williams,Male,50,Islamabad,Sindh
CUST02341,Carol Garcia,Female,22,Lahore,Sindh
CUST02342,Melanie Alvarez,Male,43,Multan,Balochistan
CUST02343,Elizabeth Garcia,Male,30,Faisalabad,Balochistan
CUST02344,Amber Williams,Male,44,Quetta,Punjab
CUST02345,Mary Jenkins,Female,31,Multan,Islamabad
CUST02346,Sean Grant,Female,41,Islamabad,Balochistan
CUST02347,Crystal Hernandez,Female,20,Karachi,Islamabad
CUST02348,Craig Rose,Male,64,Islamabad,Islamabad
CUST02349,Tammy Moore,Female,47,Faisalabad,Balochistan
CUST02350,Deborah Robinson,Male,52,Faisalabad,Balochistan
CUST02351,Michael Dominguez,Female,31,Lahore,Punjab
CUST02352,Michelle Lowery,Female,29,Lahore,KPK
CUST02353,Lee Brown,Female,45,Multan,Sindh
CUST02354,Mr. Jacob Rios DVM,Female,61,Rawalpindi,Balochistan
CUST02355,Joshua Sanchez,Female,46,Quetta,Balochistan
CUST02356,Alexander Williams,Male,60,Islamabad,Islamabad
CUST02357,Bryce Bernard,Female,34,Multan,KPK
CUST02358,Sandra Mejia,Male,57,Rawalpindi,Balochistan
CUST02359,Anthony Bryant,Male,38,Multan,KPK
CUST02360,Michael Wilkerson,Male,40,Quetta,Sindh
CUST02361,Jonathan Lang,Male,37,Quetta,Islamabad
CUST02362,Thomas Love,Male,28,Faisalabad,Punjab
CUST02363,Patricia Coleman,Male,51,Lahore,Sindh
CUST02364,Matthew Mcdonald,Male,27,Lahore,KPK
CUST02365,Kaitlyn Wood,Female,27,Quetta,KPK
CUST02366,Paul Collins,Male,60,Multan,Sindh
CUST02367,Rachel Booker,Male,23,Quetta,KPK
CUST02368,Rachel Salinas,Female,53,Lahore,Punjab
CUST02369,Elizabeth Harris,Male,41,Karachi,Punjab
CUST02370,Autumn Sanders,Female,29,Multan,KPK
CUST02371,Dr. Norma Scott DVM,Female,60,Faisalabad,KPK
CUST02372,Anthony Moore,Female,40,Peshawar,Punjab
CUST02373,Samantha Johnson,Female,44,Multan,KPK
CUST02374,Eric Barker,Male,62,Multan,Balochistan
CUST02375,Andrew Steele,Female,54,Lahore,Islamabad
CUST02376,Lauren Glass,Male,23,Faisalabad,Balochistan
CUST02377,Susan Anderson,Male,18,Multan,KPK
CUST02378,Brian Hall,Female,23,Lahore,KPK
CUST02379,Diana Mitchell,Male,39,Quetta,Islamabad
CUST02380,Craig Taylor,Female,58,Islamabad,KPK
CUST02381,Linda Porter,Female,41,Faisalabad,Islamabad
CUST02382,Jonathan Hernandez,Female,42,Rawalpindi,Punjab
CUST02383,Michael Hale,Female,32,Karachi,Islamabad
CUST02384,Mark Becker,Male,43,Rawalpindi,Islamabad
CUST02385,Sierra Edwards MD,Male,25,Peshawar,Balochistan
CUST02386,Joshua Whitaker,Female,41,Quetta,KPK
CUST02387,Eric Ross,Male,55,Faisalabad,Punjab
CUST02388,Jordan Cohen,Female,23,Multan,Sindh
CUST02389,Randy Carroll Jr.,Female,52,Lahore,Islamabad
CUST02390,Hector Larson,Female,59,Peshawar,Sindh
CUST02391,Ryan Burns,Male,18,Faisalabad,KPK
CUST02392,Kenneth Morrison,Male,63,Karachi,Islamabad
CUST02393,Jenna Horn,Male,53,Faisalabad,Sindh
CUST02394,Katherine Flores,Male,29,Peshawar,Balochistan
CUST02395,Sergio Franklin,Female,55,Lahore,Sindh
CUST02396,Katherine Stein,Male,28,Rawalpindi,Balochistan
CUST02397,Miguel Mccoy,Male,29,Islamabad,Punjab
CUST02398,Paul Stevens,Male,59,Rawalpindi,KPK
CUST02399,Tracy Jordan,Female,56,Lahore,Sindh
CUST02400,Erin Hawkins,Female,24,Peshawar,Islamabad
CUST02401,Gregory Nunez,Male,28,Lahore,KPK
CUST02402,Kenneth Williams III,Male,53,Quetta,Sindh
CUST02403,Meredith Strickland,Male,48,Karachi,Islamabad
CUST02404,William Allen,Male,50,Faisalabad,Islamabad
CUST02405,Pamela Taylor,Female,30,Quetta,Islamabad
CUST02406,Abigail Day,Female,35,Faisalabad,Islamabad
CUST02407,Jill Lewis,Male,58,Rawalpindi,Sindh
CUST02408,Kristin Middleton,Male,41,Peshawar,Punjab
CUST02409,Chad White,Female,26,Islamabad,Balochistan
CUST02410,Audrey Harris,Male,48,Islamabad,Balochistan
CUST02411,Amy Hernandez,Female,58,Karachi,Balochistan
CUST02412,Ann Blanchard,Male,27,Lahore,Punjab
CUST02413,Christine Hernandez,Male,19,Karachi,Islamabad
CUST02414,Barbara Michael,Male,55,Faisalabad,Islamabad
CUST02415,Brandy Brooks,Male,32,Multan,KPK
CUST02416,Andrea Conway,Female,20,Multan,Balochistan
CUST02417,Amber Lewis DVM,Male,60,Multan,Balochistan
CUST02418,Martha Hill,Male,48,Lahore,Islamabad
CUST02419,Linda Brooks,Male,23,Karachi,Balochistan
CUST02420,Laura Morrison,Male,20,Quetta,Islamabad
CUST02421,Steven Mitchell,Male,28,Peshawar,Islamabad
CUST02422,Angela Brown,Male,32,Rawalpindi,Islamabad
CUST02423,Corey Mason,Female,62,Faisalabad,Sindh
CUST02424,Sara Reeves,Male,45,Multan,Sindh
CUST02425,Tim Rhodes,Male,27,Peshawar,Sindh
CUST02426,Joanna Lane,Female,55,Islamabad,Sindh
CUST02427,Perry Smith,Male,64,Quetta,Punjab
CUST02428,Emily Williams,Female,24,Karachi,KPK
CUST02429,Tracey Murillo,Male,32,Faisalabad,KPK
CUST02430,James Robinson,Female,35,Faisalabad,Islamabad
CUST02431,Leslie Adams,Female,35,Islamabad,Balochistan
CUST02432,Pamela Rodriguez,Female,58,Quetta,Sindh
CUST02433,Lisa Webb,Female,41,Islamabad,KPK
CUST02434,Laura Brown,Male,19,Islamabad,KPK
CUST02435,Stephanie Gomez,Female,57,Multan,Sindh
CUST02436,Steven Vega,Male,37,Quetta,Punjab
CUST02437,Patricia Kerr,Male,51,Multan,Punjab
CUST02438,Zachary Hernandez,Male,60,Karachi,KPK
CUST02439,Kevin Walters,Male,43,Islamabad,Punjab
CUST02440,Sarah Peterson,Male,24,Rawalpindi,Sindh
CUST02441,Stacey Lester,Female,55,Faisalabad,KPK
CUST02442,Gary Smith,Male,47,Quetta,Sindh
CUST02443,Wayne Johnson,Female,59,Islamabad,Punjab
CUST02444,Sharon Peterson,Female,22,Quetta,Sindh
CUST02445,Linda Brown,Male,28,Faisalabad,Punjab
CUST02446,Vanessa Walters,Male,18,Lahore,Punjab
CUST02447,David Goodman,Male,51,Peshawar,Sindh
CUST02448,Scott Williams,Male,18,Lahore,Punjab
CUST02449,Margaret Woodward,Male,36,Islamabad,Islamabad
CUST02450,Diane Mason,Male,19,Faisalabad,Sindh
CUST02451,Michelle Hartman DDS,Male,38,Peshawar,Islamabad
CUST02452,Gregory Quinn,Female,37,Lahore,Sindh
CUST02453,Shelby Pena,Female,40,Islamabad,Punjab
CUST02454,David Mejia,Male,38,Faisalabad,Punjab
CUST02455,Allen Cisneros,Female,41,Islamabad,KPK
CUST02456,Mrs. Jessica Howell,Male,21,Multan,KPK
CUST02457,Michelle Banks,Male,29,Faisalabad,Islamabad
CUST02458,Nicholas Wright,Female,39,Lahore,Punjab
CUST02459,Brian Whitaker,Male,37,Islamabad,KPK
CUST02460,Megan Gibbs,Male,35,Quetta,Punjab
CUST02461,Gary Novak PhD,Female,18,Lahore,Sindh
CUST02462,Erica Hampton,Female,47,Islamabad,KPK
CUST02463,Brandon Collins,Female,50,Quetta,Islamabad
CUST02464,Gary Rowland,Female,41,Quetta,KPK
CUST02465,Troy Grimes,Female,31,Karachi,Punjab
CUST02466,Anthony Davis,Male,53,Quetta,Balochistan
CUST02467,Lori Hernandez,Male,22,Lahore,Balochistan
CUST02468,Mark Mcpherson,Male,28,Lahore,Punjab
CUST02469,Tamara Gonzalez,Male,41,Rawalpindi,Sindh
CUST02470,Melissa Wang,Male,48,Peshawar,KPK
CUST02471,Natasha Munoz,Male,30,Multan,Balochistan
CUST02472,James Jones,Female,33,Lahore,Sindh
CUST02473,Terry Smith,Female,41,Faisalabad,Punjab
CUST02474,Mark Roberts,Female,30,Peshawar,Sindh
CUST02475,Christy Gonzalez,Male,41,Quetta,Punjab
CUST02476,David Munoz,Female,43,Islamabad,KPK
CUST02477,Daniel Kelly,Male,19,Karachi,Sindh
CUST02478,Angel Rojas,Female,33,Faisalabad,KPK
CUST02479,Jennifer Vargas,Male,55,Peshawar,Sindh
CUST02480,Carrie Turner,Female,63,Faisalabad,Punjab
CUST02481,Cindy Pierce,Male,18,Faisalabad,Punjab
CUST02482,Steven Estrada,Female,28,Faisalabad,Sindh
CUST02483,John Fisher,Female,52,Peshawar,Punjab
CUST02484,Shawn Mclaughlin,Male,60,Karachi,Islamabad
CUST02485,Harry Howard,Male,46,Quetta,Islamabad
CUST02486,Blake Lynch,Female,54,Rawalpindi,KPK
CUST02487,Nicholas Hansen,Male,34,Multan,Islamabad
CUST02488,Karen Mcclain MD,Female,56,Quetta,Islamabad
CUST02489,Eric Taylor,Female,59,Lahore,Balochistan
CUST02490,Tracey Wilson,Male,45,Peshawar,Balochistan
CUST02491,Teresa Cunningham,Male,46,Faisalabad,Balochistan
CUST02492,Lisa Freeman,Male,60,Quetta,Balochistan
CUST02493,Craig Moyer,Female,20,Lahore,Punjab
CUST02494,Laura Berry,Male,27,Peshawar,KPK
CUST02495,John Rogers,Male,59,Lahore,KPK
CUST02496,Brandon Lyons,Male,31,Faisalabad,Islamabad
CUST02497,Deborah Mitchell,Female,29,Rawalpindi,KPK
CUST02498,Rebecca Cobb,Female,64,Peshawar,Islamabad
CUST02499,Suzanne Green,Female,59,Lahore,KPK
CUST02500,Erika Chavez,Male,47,Islamabad,Sindh
CUST02501,Kimberly Marks,Female,49,Lahore,Sindh
CUST02502,Tony Graves,Female,49,Multan,KPK
CUST02503,Judith Spencer,Female,59,Faisalabad,Punjab
CUST02504,Taylor Williams,Female,49,Karachi,Islamabad
CUST02505,Anne Lawrence,Male,43,Lahore,KPK
CUST02506,Alexander Wilkinson,Male,18,Rawalpindi,Islamabad
CUST02507,Rachel Caldwell,Female,59,Islamabad,Balochistan
CUST02508,Paul Huerta,Male,19,Islamabad,KPK
CUST02509,Vanessa Williams,Female,34,Karachi,Punjab
CUST02510,Roger Miller,Female,47,Quetta,Balochistan
CUST02511,Mitchell Reed,Male,56,Multan,KPK
CUST02512,Janice Davis,Female,24,Karachi,Sindh
CUST02513,Jose Marshall,Male,44,Multan,KPK
CUST02514,James Hoffman,Male,26,Lahore,Sindh
CUST02515,Sean Graves,Female,39,Faisalabad,Sindh
CUST02516,Lisa Flores,Female,51,Rawalpindi,KPK
CUST02517,Alexander Powers,Male,63,Islamabad,KPK
CUST02518,Andrea Miller,Male,18,Karachi,Sindh
CUST02519,Jeffery White,Female,26,Rawalpindi,Islamabad
CUST02520,Terry Walsh,Female,37,Multan,Balochistan
CUST02521,Daniel Scott,Female,36,Faisalabad,Punjab
CUST02522,Courtney Trujillo,Male,53,Islamabad,KPK
CUST02523,Elizabeth Barber,Male,57,Islamabad,Balochistan
CUST02524,Bruce Ray,Male,62,Multan,Balochistan
CUST02525,Matthew Palmer,Female,21,Faisalabad,Islamabad
CUST02526,Anthony Castro,Male,26,Islamabad,Balochistan
CUST02527,Stephen Bell,Male,58,Faisalabad,KPK
CUST02528,Justin Ray,Female,39,Islamabad,Balochistan
CUST02529,Charles Thompson,Male,35,Lahore,KPK
CUST02530,Dennis Barnes,Female,29,Multan,KPK
CUST02531,Kelly Andersen,Female,59,Faisalabad,Sindh
CUST02532,Sandra Bean,Female,60,Rawalpindi,Islamabad
CUST02533,Jessica Flores,Male,56,Quetta,Punjab
CUST02534,Michael Krueger,Male,26,Lahore,Sindh
CUST02535,William Tapia,Female,23,Peshawar,Punjab
CUST02536,Amanda Clayton,Female,36,Rawalpindi,KPK
CUST02537,Travis Brown,Female,64,Multan,Sindh
CUST02538,Joseph Smith,Male,24,Islamabad,Balochistan
CUST02539,Larry Brooks,Female,33,Peshawar,Balochistan
CUST02540,Brittany Butler,Female,22,Rawalpindi,Punjab
CUST02541,Lisa Cobb,Female,33,Lahore,KPK
CUST02542,Lauren Gilbert,Female,18,Peshawar,Punjab
CUST02543,Mary Floyd,Female,54,Peshawar,Islamabad
CUST02544,Amanda Cruz,Female,56,Faisalabad,Balochistan
CUST02545,Ryan Adams,Male,36,Karachi,Sindh
CUST02546,Ashley Moore,Male,54,Rawalpindi,Sindh
CUST02547,Todd Ford,Male,34,Karachi,Sindh
CUST02548,Donna Mitchell,Male,43,Multan,Balochistan
CUST02549,Kathryn Williams,Male,39,Rawalpindi,KPK
CUST02550,Dale Poole,Male,25,Rawalpindi,Balochistan
CUST02551,Katherine Alvarez,Male,50,Faisalabad,Balochistan
CUST02552,Erica Bell,Male,19,Islamabad,Sindh
CUST02553,Joseph King,Female,47,Lahore,Balochistan
CUST02554,Tristan Cunningham,Female,64,Lahore,Sindh
CUST02555,Scott Mccoy,Male,37,Lahore,KPK
CUST02556,Allen Murphy,Female,35,Quetta,Islamabad
CUST02557,Bailey Macias,Male,60,Multan,Sindh
CUST02558,Leslie Gomez,Male,27,Peshawar,Punjab
CUST02559,Benjamin Ford,Male,41,Islamabad,Islamabad
CUST02560,Justin Boyle,Male,21,Karachi,KPK
CUST02561,Jessica Montgomery,Female,54,Lahore,Islamabad
CUST02562,Amanda Singh,Female,21,Quetta,Sindh
CUST02563,Wendy Hale,Male,30,Karachi,KPK
CUST02564,Tammy Johnson,Male,42,Islamabad,Punjab
CUST02565,Donald Lozano,Male,30,Multan,Sindh
CUST02566,Christopher Mendoza,Male,35,Islamabad,Sindh
CUST02567,Misty Williams,Male,41,Faisalabad,KPK
CUST02568,Gabriel Bates,Male,19,Peshawar,KPK
CUST02569,Shawn Dixon,Female,50,Lahore,Islamabad
CUST02570,Kim Oliver,Female,36,Multan,Punjab
CUST02571,Kristen Garcia,Male,26,Faisalabad,Islamabad
CUST02572,Whitney Smith,Female,45,Lahore,Islamabad
CUST02573,Scott Patel,Male,52,Islamabad,Sindh
CUST02574,Julie Blackburn,Male,56,Islamabad,KPK
CUST02575,Barbara Brewer,Male,27,Quetta,Sindh
CUST02576,Emily Armstrong DVM,Female,18,Rawalpindi,Punjab
CUST02577,Shelly Larson,Female,59,Rawalpindi,Islamabad
CUST02578,Christopher Mendoza,Female,38,Islamabad,Punjab
CUST02579,Angelica Smith,Male,26,Islamabad,KPK
CUST02580,Christopher Baker,Female,64,Karachi,KPK
CUST02581,Robert Jenkins,Male,32,Quetta,Balochistan
CUST02582,Kyle Reynolds,Female,52,Peshawar,Punjab
CUST02583,Mark Parker,Male,22,Karachi,Sindh
CUST02584,Jorge Washington,Male,58,Peshawar,Punjab
CUST02585,Sheila Phillips,Female,39,Faisalabad,Islamabad
CUST02586,Tara Flores,Female,58,Rawalpindi,KPK
CUST02587,John Sanders,Male,40,Rawalpindi,KPK
CUST02588,Lawrence Hopkins,Female,24,Quetta,Punjab
CUST02589,Brenda Gallagher,Male,40,Islamabad,Punjab
CUST02590,Bruce Glover,Female,61,Islamabad,Punjab
CUST02591,Tammy Morgan DVM,Female,42,Faisalabad,Islamabad
CUST02592,Eric Smith,Female,44,Multan,Islamabad
CUST02593,Mr. Michael Johnson,Female,58,Multan,Sindh
CUST02594,Douglas Jones,Male,23,Quetta,Punjab
CUST02595,Lauren Townsend,Male,51,Multan,Sindh
CUST02596,Tina Dunn,Female,26,Rawalpindi,Balochistan
CUST02597,Rebecca Marquez,Male,50,Karachi,Islamabad
CUST02598,Wendy Walters,Male,23,Multan,KPK
CUST02599,Kelly Robinson,Male,54,Lahore,Balochistan
CUST02600,Justin Williams,Male,48,Quetta,KPK
CUST02601,Anthony Stewart,Female,51,Faisalabad,Balochistan
CUST02602,Timothy Norman,Male,58,Multan,Sindh
CUST02603,Jamie Anderson,Female,46,Lahore,Sindh
CUST02604,Stephanie Simpson,Male,31,Multan,Islamabad
CUST02605,Douglas David,Male,53,Karachi,KPK
CUST02606,Joshua Miller,Male,53,Karachi,Balochistan
CUST02607,Zachary Valenzuela,Male,32,Multan,Punjab
CUST02608,Jonathan Curtis,Male,25,Quetta,Punjab
CUST02609,Joanna Black,Female,43,Quetta,Islamabad
CUST02610,Amy Shelton,Male,53,Lahore,KPK
CUST02611,Daniel Davis,Female,38,Faisalabad,Punjab
CUST02612,Edward Holland,Male,45,Lahore,Islamabad
CUST02613,Garrett Alvarado,Male,21,Faisalabad,Islamabad
CUST02614,Kristine Orr,Female,33,Multan,KPK
CUST02615,Ashley Peters,Male,39,Faisalabad,Punjab
CUST02616,Hannah Martinez,Male,29,Islamabad,Punjab
CUST02617,Holly Raymond,Male,33,Rawalpindi,Punjab
CUST02618,Jessica Sweeney,Male,57,Peshawar,Sindh
CUST02619,Lori Stone,Female,55,Rawalpindi,Punjab
CUST02620,David Ibarra,Male,59,Karachi,Balochistan
CUST02621,Mariah Jackson,Female,54,Islamabad,Sindh
CUST02622,Craig Ballard,Female,46,Rawalpindi,Sindh
CUST02623,Cynthia Sanders,Male,35,Multan,Sindh
CUST02624,Elizabeth Pearson,Female,27,Faisalabad,Sindh
CUST02625,Brett Rose,Male,59,Faisalabad,Islamabad
CUST02626,Brian Jones,Female,56,Lahore,Balochistan
CUST02627,Maria Meza,Male,35,Lahore,KPK
CUST02628,Deborah Kelly,Female,18,Quetta,Punjab
CUST02629,Billy Castillo,Male,56,Faisalabad,Sindh
CUST02630,Stacy Williams,Male,38,Quetta,KPK
CUST02631,William Vega,Female,18,Multan,Islamabad
CUST02632,Robert Wyatt,Female,32,Faisalabad,KPK
CUST02633,Cheyenne Humphrey,Male,21,Lahore,Sindh
CUST02634,Jacob Cummings,Male,37,Rawalpindi,Balochistan
CUST02635,Becky Simon,Female,27,Quetta,KPK
CUST02636,Lawrence Shepherd,Female,40,Quetta,Sindh
CUST02637,Kristin Blackburn,Female,58,Karachi,Sindh
CUST02638,Leslie Hahn,Female,51,Lahore,Punjab
CUST02639,Brian Barnett,Female,63,Multan,Punjab
CUST02640,Donald Aguilar,Female,50,Quetta,Balochistan
CUST02641,Kelly Wells,Male,51,Rawalpindi,Punjab
CUST02642,Adam Crawford,Male,56,Rawalpindi,Balochistan
CUST02643,Chase Lane,Female,27,Rawalpindi,Islamabad
CUST02644,Jessica Le,Female,37,Islamabad,Islamabad
CUST02645,David Silva,Male,18,Islamabad,Punjab
CUST02646,David Bautista,Male,30,Peshawar,Islamabad
CUST02647,Alice Rose,Female,18,Rawalpindi,KPK
CUST02648,April Johnson,Male,22,Quetta,KPK
CUST02649,Angel Neal,Male,33,Multan,KPK
CUST02650,Brian Powers,Male,32,Faisalabad,Islamabad
CUST02651,Sarah Wilkins,Male,45,Multan,KPK
CUST02652,Susan Patterson,Male,48,Islamabad,Balochistan
CUST02653,Debbie Alvarado,Male,40,Lahore,Sindh
CUST02654,Robin Fox,Male,62,Quetta,Punjab
CUST02655,Lisa Hernandez,Female,60,Peshawar,Balochistan
CUST02656,Gary Marshall,Male,34,Islamabad,KPK
CUST02657,Susan Holt,Female,51,Faisalabad,Sindh
CUST02658,Harold Webster,Female,30,Karachi,Punjab
CUST02659,Christopher Wilson,Male,31,Peshawar,Balochistan
CUST02660,Jonathan Adams,Female,28,Islamabad,Punjab
CUST02661,William Simmons,Male,45,Multan,Islamabad
CUST02662,Jake Logan,Female,59,Peshawar,KPK
CUST02663,Richard Wright,Male,49,Quetta,Balochistan
CUST02664,Andrew Trevino,Female,52,Multan,Balochistan
CUST02665,Anthony Hamilton,Female,48,Rawalpindi,Sindh
CUST02666,Michele Jones,Male,34,Rawalpindi,Sindh
CUST02667,Thomas Garcia,Male,64,Rawalpindi,Sindh
CUST02668,Shannon Huynh DVM,Female,26,Peshawar,Punjab
CUST02669,Danny Mora,Female,27,Karachi,KPK
CUST02670,Cameron Evans,Male,25,Faisalabad,Punjab
CUST02671,Anna Santos,Female,38,Quetta,KPK
CUST02672,Edward Edwards,Male,30,Peshawar,Balochistan
CUST02673,Monique Gardner,Female,22,Lahore,Punjab
CUST02674,Andrew Rios,Male,23,Quetta,Punjab
CUST02675,Raymond Maldonado,Female,47,Multan,Punjab
CUST02676,Samantha Mitchell,Male,48,Multan,Islamabad
CUST02677,Andrew Kim,Male,34,Peshawar,KPK
CUST02678,Jessica Rodriguez,Male,28,Peshawar,KPK
CUST02679,Kirk Howard,Male,37,Faisalabad,Punjab
CUST02680,Leroy Smith,Male,26,Karachi,Islamabad
CUST02681,Andrew Thomas,Male,19,Peshawar,Punjab
CUST02682,Aimee Hernandez,Female,54,Rawalpindi,KPK
CUST02683,Shelby Johnson,Male,18,Faisalabad,Balochistan
CUST02684,Dylan Wade,Male,21,Lahore,Islamabad
CUST02685,Cynthia Craig,Male,53,Rawalpindi,Islamabad
CUST02686,Daniel Johnson,Male,42,Lahore,Punjab
CUST02687,Joshua Mathews,Male,20,Islamabad,Balochistan
CUST02688,Sara Olson,Male,26,Lahore,KPK
CUST02689,Amber Fleming,Male,39,Rawalpindi,Sindh
CUST02690,Shelby Arellano,Male,40,Islamabad,KPK
CUST02691,Amber Sloan,Male,29,Rawalpindi,KPK
CUST02692,Sarah Figueroa,Female,27,Multan,Balochistan
CUST02693,Lisa Martinez,Male,51,Rawalpindi,Islamabad
CUST02694,Dominic Cox,Male,60,Islamabad,KPK
CUST02695,Diane Ballard,Female,27,Lahore,Islamabad
CUST02696,David Guzman,Male,47,Multan,Balochistan
CUST02697,Isaac Morton,Female,39,Karachi,Balochistan
CUST02698,Tiffany Moore,Male,23,Karachi,Punjab
CUST02699,William Mercado,Female,19,Quetta,Sindh
CUST02700,Veronica Randall,Female,47,Karachi,Balochistan
CUST02701,Rebecca Smith,Male,19,Karachi,Balochistan
CUST02702,Kathleen Smith,Female,49,Faisalabad,Islamabad
CUST02703,Jason Carroll,Male,59,Karachi,Balochistan
CUST02704,Ann Nunez,Male,33,Islamabad,KPK
CUST02705,Kenneth Garcia,Female,29,Peshawar,Punjab
CUST02706,Sherri Davis,Female,18,Karachi,Punjab
CUST02707,Michael Phillips,Male,25,Rawalpindi,KPK
CUST02708,Kristin Summers,Male,30,Peshawar,Balochistan
CUST02709,Cheryl Armstrong,Male,32,Karachi,Sindh
CUST02710,Allison Cook,Male,61,Peshawar,Balochistan
CUST02711,Tammy Nguyen,Female,25,Lahore,Punjab
CUST02712,Samantha Valdez,Male,27,Islamabad,Sindh
CUST02713,Ryan Scott,Male,63,Islamabad,Islamabad
CUST02714,Jonathan Jones,Male,22,Quetta,Islamabad
CUST02715,Kevin Walton,Male,36,Peshawar,Balochistan
CUST02716,Richard Hancock,Male,64,Quetta,Balochistan
CUST02717,Leslie Woods,Female,55,Multan,Sindh
CUST02718,Kayla Shelton,Female,28,Faisalabad,Sindh
CUST02719,Stephen Stewart,Female,60,Rawalpindi,Balochistan
CUST02720,Tiffany Rowe,Male,37,Peshawar,Punjab
CUST02721,Patrick Page,Female,37,Islamabad,Islamabad
CUST02722,Dr. Joel Becker DVM,Female,38,Quetta,Sindh
CUST02723,Dylan Warren,Female,35,Lahore,Punjab
CUST02724,Maria Murphy,Male,27,Karachi,Balochistan
CUST02725,Ryan James,Male,51,Islamabad,KPK
CUST02726,Samantha Powell,Male,43,Lahore,Sindh
CUST02727,Gina Moore,Male,47,Karachi,KPK
CUST02728,Michael Richardson,Male,26,Faisalabad,Punjab
CUST02729,Matthew Young,Male,63,Islamabad,Islamabad
CUST02730,Michael Moore,Male,48,Quetta,Punjab
CUST02731,Robert Martin,Female,59,Islamabad,Islamabad
CUST02732,Ray Nixon,Male,21,Peshawar,Punjab
CUST02733,Ricky Owens,Male,23,Peshawar,Sindh
CUST02734,Paul Patterson,Female,31,Lahore,Sindh
CUST02735,Steven Figueroa,Female,21,Quetta,KPK
CUST02736,Wesley Hobbs,Female,43,Multan,Punjab
CUST02737,Vanessa Roberts,Female,64,Peshawar,Punjab
CUST02738,Maureen Boyd,Male,56,Rawalpindi,KPK
CUST02739,Jesus Russell,Female,34,Faisalabad,Balochistan
CUST02740,Christine Fuentes,Male,36,Rawalpindi,Punjab
CUST02741,Angelica Anderson,Male,23,Islamabad,Punjab
CUST02742,Cynthia Johnson,Male,46,Rawalpindi,Punjab
CUST02743,Dennis Scott,Male,28,Karachi,Balochistan
CUST02744,Kristopher Perry,Male,33,Faisalabad,Sindh
CUST02745,Debra Walker,Female,47,Rawalpindi,KPK
CUST02746,Michael Collins,Female,42,Karachi,Balochistan
CUST02747,Suzanne Johnson,Female,57,Lahore,Islamabad
CUST02748,Brian Coffey,Male,28,Rawalpindi,Islamabad
CUST02749,Jasmine Bradley,Female,24,Faisalabad,Balochistan
CUST02750,Courtney Serrano,Female,43,Karachi,Balochistan
CUST02751,Melissa Carlson,Male,39,Rawalpindi,Sindh
CUST02752,Jacqueline Clark,Female,42,Lahore,Islamabad
CUST02753,Steven Wood,Male,36,Rawalpindi,KPK
CUST02754,Eric Morgan,Male,48,Karachi,Punjab
CUST02755,Ms. Stephanie Perkins,Female,43,Rawalpindi,Punjab
CUST02756,Rebecca Perez,Male,59,Faisalabad,Sindh
CUST02757,Donald Brown,Male,58,Islamabad,Sindh
CUST02758,Zachary Hall,Female,53,Quetta,Islamabad
CUST02759,Paul Neal,Female,40,Quetta,KPK
CUST02760,April Williams,Male,64,Karachi,KPK
CUST02761,Joshua Howard,Male,30,Karachi,Balochistan
CUST02762,John Ruiz,Male,42,Karachi,Sindh
CUST02763,Sue Mason,Female,19,Karachi,Punjab
CUST02764,Kim Baker,Male,19,Rawalpindi,Punjab
CUST02765,Jimmy Hernandez,Male,33,Faisalabad,Islamabad
CUST02766,Devin Hudson,Female,26,Quetta,Punjab
CUST02767,Laura Young,Male,45,Lahore,KPK
CUST02768,Justin King,Male,30,Quetta,KPK
CUST02769,Caleb Martin,Male,52,Faisalabad,Sindh
CUST02770,Joshua Gonzalez,Female,58,Karachi,Islamabad
CUST02771,Lindsay Santiago,Male,30,Multan,Punjab
CUST02772,Jennifer Green,Male,48,Rawalpindi,Sindh
CUST02773,Jennifer Fritz,Female,38,Multan,Balochistan
CUST02774,Jeffrey Fox,Male,49,Rawalpindi,Balochistan
CUST02775,Nicole Bryant,Male,51,Karachi,Punjab
CUST02776,Francisco Jones,Male,25,Rawalpindi,Punjab
CUST02777,Kimberly Thompson,Male,58,Karachi,Punjab
CUST02778,Jennifer Ward,Male,19,Faisalabad,KPK
CUST02779,Benjamin Klein,Male,55,Peshawar,Punjab
CUST02780,Susan Mcintosh,Male,49,Islamabad,Balochistan
CUST02781,Helen Jackson,Male,57,Rawalpindi,Punjab
CUST02782,Joshua Rodriguez,Female,45,Karachi,Islamabad
CUST02783,Christopher Cruz,Female,54,Multan,Balochistan
CUST02784,Sarah Moran,Female,58,Karachi,Islamabad
CUST02785,Catherine Wright,Female,18,Multan,Balochistan
CUST02786,Brittany Ryan,Male,58,Quetta,Sindh
CUST02787,Amber Cohen,Female,27,Rawalpindi,Balochistan
CUST02788,David Lamb,Male,21,Lahore,Balochistan
CUST02789,Megan Shannon,Female,52,Multan,Islamabad
CUST02790,Angela Morgan,Female,27,Karachi,Islamabad
CUST02791,Devin Wallace,Female,64,Rawalpindi,Balochistan
CUST02792,Hannah Schmidt,Female,28,Karachi,Balochistan
CUST02793,Michael Richmond,Female,31,Lahore,KPK
CUST02794,Jennifer Harris,Male,55,Islamabad,Sindh
CUST02795,Carl Yang,Male,29,Peshawar,Sindh
CUST02796,Abigail Sparks,Female,62,Peshawar,Punjab
CUST02797,Mark Jones,Male,34,Lahore,Balochistan
CUST02798,Matthew Long,Female,33,Faisalabad,Balochistan
CUST02799,Alison Fisher,Female,52,Rawalpindi,Balochistan
CUST02800,Rebecca Juarez,Male,19,Lahore,Balochistan
CUST02801,Ashley Anderson,Female,28,Islamabad,Sindh
CUST02802,Olivia Vaughn DVM,Female,58,Karachi,Islamabad
CUST02803,Mallory Castillo,Female,20,Rawalpindi,KPK
CUST02804,John Quinn,Female,46,Quetta,Islamabad
CUST02805,Lee Morgan,Male,35,Multan,Islamabad
CUST02806,Christopher Frazier,Female,37,Lahore,Sindh
CUST02807,Edward Melton,Female,64,Quetta,KPK
CUST02808,Nicole Cunningham,Male,31,Quetta,Balochistan
CUST02809,Richard Baker,Male,51,Islamabad,Sindh
CUST02810,Dustin Nixon,Female,48,Quetta,Sindh
CUST02811,Kurt Davis,Male,57,Lahore,KPK
CUST02812,Katrina Flynn DVM,Female,59,Faisalabad,Punjab
CUST02813,Martin Mendoza,Female,35,Peshawar,Sindh
CUST02814,Cathy Murphy,Male,47,Peshawar,Islamabad
CUST02815,Diane Ellis,Female,42,Rawalpindi,Islamabad
CUST02816,Nicholas Anderson,Female,36,Karachi,Balochistan
CUST02817,Desiree Davis,Male,25,Islamabad,Sindh
CUST02818,Kathy Glover,Male,45,Lahore,Balochistan
CUST02819,Brandon Rogers,Male,25,Rawalpindi,Sindh
CUST02820,Travis Mitchell,Male,48,Lahore,KPK
CUST02821,Christopher Williams,Female,20,Rawalpindi,Sindh
CUST02822,Crystal Lam,Male,20,Peshawar,Punjab
CUST02823,Andrea Vincent,Female,61,Quetta,Islamabad
CUST02824,Melissa Reeves,Male,39,Faisalabad,KPK
CUST02825,Derek Patterson,Male,34,Lahore,Islamabad
CUST02826,Brandon Knox,Female,53,Faisalabad,Balochistan
CUST02827,Catherine Norris MD,Female,34,Multan,KPK
CUST02828,Kevin Holmes,Male,31,Multan,Punjab
CUST02829,Christopher Carter,Male,26,Quetta,Islamabad
CUST02830,Lauren Massey,Male,47,Peshawar,Sindh
CUST02831,Norma Smith,Male,38,Islamabad,Sindh
CUST02832,Betty Bennett,Female,29,Faisalabad,Sindh
CUST02833,Nicole Hunter,Male,54,Rawalpindi,KPK
CUST02834,Cynthia Clark,Male,49,Islamabad,Punjab
CUST02835,Javier Roy,Male,28,Lahore,Punjab
CUST02836,Kyle Leonard,Female,37,Lahore,Punjab
CUST02837,Ashley Jordan,Female,52,Rawalpindi,Islamabad
CUST02838,Joseph Hall,Male,64,Karachi,KPK
CUST02839,Kelly Frank,Female,63,Quetta,Sindh
CUST02840,Joel Freeman,Male,28,Karachi,Islamabad
CUST02841,Shaun Green,Male,25,Quetta,Punjab
CUST02842,Vincent Mcguire,Female,21,Lahore,Sindh
CUST02843,Melissa Simpson,Female,44,Quetta,KPK
CUST02844,Tonya Simmons,Female,61,Peshawar,Balochistan
CUST02845,David Peterson,Female,57,Peshawar,Punjab
CUST02846,Sandra Phillips,Male,55,Rawalpindi,Punjab
CUST02847,Terry Dixon,Female,64,Karachi,Punjab
CUST02848,Melissa Smith,Male,47,Faisalabad,Punjab
CUST02849,Hannah Griffin,Female,61,Lahore,Sindh
CUST02850,Devon Jones,Male,44,Multan,KPK
CUST02851,Terri Dawson,Female,38,Faisalabad,Islamabad
CUST02852,Daniel Myers,Male,37,Rawalpindi,Sindh
CUST02853,Lisa Hardy,Male,21,Multan,KPK
CUST02854,Matthew Davis,Female,28,Faisalabad,Islamabad
CUST02855,Christopher Stewart,Male,30,Karachi,Punjab
CUST02856,Hannah Little,Male,26,Quetta,KPK
CUST02857,Danielle Barnett,Male,21,Peshawar,Punjab
CUST02858,Regina Shea,Male,29,Karachi,KPK
CUST02859,John Manning,Male,26,Multan,Balochistan
CUST02860,Darrell Morris,Male,30,Quetta,Punjab
CUST02861,William Williams,Female,43,Quetta,Punjab
CUST02862,Pamela Grimes,Male,55,Quetta,Punjab
CUST02863,Cody Price,Female,59,Islamabad,Sindh
CUST02864,Lisa Griffin,Female,30,Peshawar,Islamabad
CUST02865,Audrey Gilbert,Male,56,Lahore,Punjab
CUST02866,Kelly Ray,Female,45,Multan,Punjab
CUST02867,Amanda Holder,Male,36,Rawalpindi,Sindh
CUST02868,Tammy Long,Female,41,Lahore,Sindh
CUST02869,Vanessa Hernandez,Male,36,Faisalabad,Balochistan
CUST02870,Mr. Micheal Davidson,Male,30,Peshawar,KPK
CUST02871,Aaron Smith,Female,30,Rawalpindi,Punjab
CUST02872,Amy Caldwell,Female,45,Rawalpindi,KPK
CUST02873,Paul Estrada,Female,19,Karachi,Sindh
CUST02874,Stephanie Swanson,Male,27,Faisalabad,Sindh
CUST02875,Andrea Alexander,Female,39,Karachi,Balochistan
CUST02876,Victoria Miller,Male,30,Karachi,Islamabad
CUST02877,Haley Walton,Male,26,Quetta,Sindh
CUST02878,Benjamin Davis,Male,50,Peshawar,Punjab
CUST02879,Richard Mcclain,Female,31,Islamabad,Balochistan
CUST02880,Michael Wilson,Male,37,Karachi,Islamabad
CUST02881,Gabriella Wilkerson,Male,32,Lahore,Balochistan
CUST02882,Barry Lamb,Female,49,Rawalpindi,Sindh
CUST02883,Matthew Kim,Male,50,Peshawar,Islamabad
CUST02884,James Rowe,Male,34,Karachi,KPK
CUST02885,Brian Grimes,Male,41,Multan,Islamabad
CUST02886,Christopher Collins,Female,47,Lahore,Punjab
CUST02887,Steven Harvey,Male,30,Faisalabad,KPK
CUST02888,Grant Taylor,Male,64,Rawalpindi,KPK
CUST02889,Eric Valenzuela,Female,33,Peshawar,Punjab
CUST02890,Larry Smith,Female,19,Multan,KPK
CUST02891,Sheryl Contreras,Male,34,Peshawar,Sindh
CUST02892,Tammy Mahoney,Female,49,Peshawar,Islamabad
CUST02893,Marie Perkins,Female,60,Multan,Islamabad
CUST02894,Jeanne Navarro,Female,25,Faisalabad,Punjab
CUST02895,Tristan Johnson,Male,20,Multan,Sindh
CUST02896,Yolanda Acevedo,Female,29,Lahore,KPK
CUST02897,Brandon Leach PhD,Male,37,Quetta,Islamabad
CUST02898,Gabriel Barker,Male,33,Peshawar,Islamabad
CUST02899,Jacqueline Warner,Male,31,Faisalabad,Islamabad
CUST02900,Kelli Goodman,Male,33,Peshawar,Islamabad
CUST02901,Richard Perkins,Male,60,Multan,Balochistan
CUST02902,Amy Davis,Female,50,Faisalabad,Punjab
CUST02903,Cory Garcia,Male,47,Faisalabad,KPK
CUST02904,Steven Smith,Male,29,Karachi,KPK
CUST02905,Timothy Davis,Male,32,Karachi,Punjab
CUST02906,Kevin Oliver,Male,35,Quetta,Sindh
CUST02907,Melissa Smith,Female,45,Karachi,Punjab
CUST02908,Abigail Murray,Male,40,Multan,Islamabad
CUST02909,Christopher Smith Jr.,Male,31,Rawalpindi,Islamabad
CUST02910,William Kaufman,Male,47,Lahore,Punjab
CUST02911,Richard Herrera,Male,50,Multan,Punjab
CUST02912,James Nguyen,Male,62,Peshawar,KPK
CUST02913,Adam Hamilton,Female,32,Karachi,KPK
CUST02914,Holly Duncan,Female,24,Faisalabad,Balochistan
CUST02915,Connor Burgess,Male,32,Multan,Balochistan
CUST02916,Anthony Lopez,Female,59,Faisalabad,Islamabad
CUST02917,Paul Hayes,Female,63,Quetta,Balochistan
CUST02918,Steven Booker,Female,55,Peshawar,Balochistan
CUST02919,Anthony Rodriguez,Male,63,Faisalabad,Sindh
CUST02920,Jackie Meza,Male,61,Faisalabad,Punjab
CUST02921,Michelle Schultz,Male,28,Quetta,KPK
CUST02922,Brian Chandler,Female,46,Islamabad,Balochistan
CUST02923,Valerie Meza,Female,48,Rawalpindi,KPK
CUST02924,Joshua Johnson,Male,42,Lahore,Balochistan
CUST02925,Caroline Martin DVM,Male,41,Lahore,Balochistan
CUST02926,Lisa Barrett,Female,36,Karachi,Islamabad
CUST02927,Stephen Reed,Female,19,Islamabad,Sindh
CUST02928,Donna Jones,Female,39,Multan,Punjab
CUST02929,Nichole Wilson,Female,37,Quetta,Punjab
CUST02930,Yvonne Ross,Male,50,Multan,Islamabad
CUST02931,Jason Brooks,Female,25,Lahore,Islamabad
CUST02932,Tyler Sellers,Female,42,Rawalpindi,Punjab
CUST02933,Joy Perry,Male,63,Faisalabad,Punjab
CUST02934,Larry Parrish,Male,26,Peshawar,Sindh
CUST02935,Jonathan Smith,Female,51,Karachi,Balochistan
CUST02936,Chase Hill,Male,40,Rawalpindi,Sindh
CUST02937,Keith Evans,Female,22,Lahore,Punjab
CUST02938,Brittany Stokes,Female,42,Islamabad,Balochistan
CUST02939,William Schroeder,Female,25,Karachi,Punjab
CUST02940,Joseph Zavala,Male,33,Quetta,Sindh
CUST02941,Devon Watkins,Male,62,Lahore,Sindh
CUST02942,Adam Pace,Female,32,Multan,Sindh
CUST02943,Brad Ayers,Male,18,Karachi,Balochistan
CUST02944,Patrick Lewis,Female,39,Quetta,KPK
CUST02945,Kevin Bishop,Female,20,Lahore,KPK
CUST02946,Mark Griffin,Male,55,Multan,Punjab
CUST02947,Heather Thompson,Male,31,Peshawar,Balochistan
CUST02948,Alexander Cross,Male,53,Multan,Islamabad
CUST02949,Jill Hudson,Male,35,Faisalabad,KPK
CUST02950,Scott Brooks,Female,64,Quetta,Balochistan
CUST02951,Crystal Benson,Female,58,Quetta,Balochistan
CUST02952,Jennifer Garcia,Female,35,Islamabad,KPK
CUST02953,Joseph Morris,Female,20,Quetta,Balochistan
CUST02954,Dennis Fletcher,Male,27,Faisalabad,Balochistan
CUST02955,Joseph Martinez,Female,56,Lahore,KPK
CUST02956,Jessica Stone,Female,64,Peshawar,Sindh
CUST02957,Michael Lynch,Female,18,Rawalpindi,Punjab
CUST02958,Christopher Farmer,Female,44,Peshawar,Islamabad
CUST02959,Ashley Lane,Male,44,Peshawar,Punjab
CUST02960,Kimberly Brown,Female,28,Quetta,Sindh
CUST02961,Morgan Whitehead,Male,22,Peshawar,Sindh
CUST02962,Christina Vega,Male,24,Quetta,Balochistan
CUST02963,Mary Todd,Male,36,Faisalabad,Punjab
CUST02964,Karen Contreras,Female,46,Rawalpindi,Sindh
CUST02965,Julie Diaz,Female,32,Multan,Punjab
CUST02966,Belinda Garcia,Female,52,Quetta,Sindh
CUST02967,Larry Smith,Female,64,Lahore,Islamabad
CUST02968,Micheal Welch,Female,54,Islamabad,Sindh
CUST02969,Rebecca Lee,Female,29,Rawalpindi,Punjab
CUST02970,Cameron Dixon,Male,47,Lahore,Balochistan
CUST02971,Dustin Howard,Male,37,Quetta,Punjab
CUST02972,Robert Martinez,Male,54,Rawalpindi,KPK
CUST02973,Mrs. Brandi Bender,Female,20,Quetta,Punjab
CUST02974,Karen Mccullough,Female,26,Faisalabad,Islamabad
CUST02975,Christopher Price,Male,58,Lahore,Islamabad
CUST02976,Mario Foster,Male,56,Faisalabad,Islamabad
CUST02977,Aaron Parker,Female,43,Karachi,Sindh
CUST02978,Matthew Flores,Male,19,Lahore,Islamabad
CUST02979,James Anderson,Female,40,Rawalpindi,Punjab
CUST02980,Michelle Lowery DDS,Female,40,Karachi,Balochistan
CUST02981,Molly Munoz MD,Male,38,Faisalabad,Islamabad
CUST02982,Victoria Bowman,Male,33,Faisalabad,Punjab
CUST02983,Tonya Saunders,Female,26,Rawalpindi,Sindh
CUST02984,Michael Cain,Female,30,Karachi,Sindh
CUST02985,Brenda Smith,Male,45,Peshawar,Balochistan
CUST02986,Thomas Smith,Female,44,Multan,Balochistan
CUST02987,Tammy Lopez,Male,34,Islamabad,Punjab
CUST02988,Melissa Butler,Male,55,Rawalpindi,Balochistan
CUST02989,Elizabeth Patel,Female,53,Faisalabad,Balochistan
CUST02990,Yvonne Lucas,Female,18,Lahore,Sindh
CUST02991,Connor Owens,Male,35,Karachi,Punjab
CUST02992,Peter West,Female,26,Quetta,Balochistan
CUST02993,Daniel Jones,Female,30,Multan,Punjab
CUST02994,Kyle Jones,Male,57,Islamabad,Islamabad
CUST02995,Sheri Khan,Male,62,Lahore,Sindh
CUST02996,Juan Guerrero,Female,32,Karachi,Sindh
CUST02997,Anthony Mitchell,Male,60,Multan,Sindh
CUST02998,Sherri Diaz,Male,61,Rawalpindi,KPK
CUST02999,Russell Lewis,Male,63,Quetta,Punjab
CUST03000,Christine Irwin,Female,21,Multan,Islamabad
CUST03001,Hayden Moyer,Female,50,Rawalpindi,Balochistan
CUST03002,Jessica Carter,Female,41,Quetta,Islamabad
CUST03003,Andre Meyer,Male,53,Quetta,Punjab
CUST03004,Laura Williams,Female,58,Peshawar,Sindh
CUST03005,Wesley Perkins,Female,27,Karachi,KPK
CUST03006,Marcia Vaughn,Female,53,Quetta,Punjab
CUST03007,Monique Charles,Female,37,Multan,Punjab
CUST03008,George Young,Male,58,Quetta,Balochistan
CUST03009,Derek Cross,Female,62,Islamabad,Islamabad
CUST03010,Michael Garcia,Male,61,Multan,Islamabad
CUST03011,Timothy Singh,Male,28,Karachi,Balochistan
CUST03012,Erika Hart,Male,29,Lahore,KPK
CUST03013,Sarah Parker,Male,35,Lahore,Sindh
CUST03014,Mr. Kenneth Perez,Male,47,Multan,Sindh
CUST03015,Ashley Garcia,Female,61,Multan,KPK
CUST03016,Mr. Michael Hill,Male,54,Rawalpindi,Balochistan
CUST03017,Joe Preston,Female,37,Karachi,Punjab
CUST03018,Stephanie Young,Male,42,Rawalpindi,Islamabad
CUST03019,Sarah Mendoza,Male,29,Islamabad,Punjab
CUST03020,Melissa Vang,Female,38,Peshawar,Islamabad
CUST03021,Carlos Bell,Male,42,Lahore,Punjab
CUST03022,Courtney Fischer,Male,28,Quetta,Balochistan
CUST03023,Sara Stephens,Female,26,Quetta,Balochistan
CUST03024,Hunter Munoz,Male,42,Faisalabad,KPK
CUST03025,Angela Yates,Male,52,Faisalabad,Punjab
CUST03026,Rebecca Gray,Male,49,Karachi,Punjab
CUST03027,Dillon Ramos,Female,31,Quetta,KPK
CUST03028,John Brown,Female,18,Karachi,KPK
CUST03029,Susan Brennan,Female,34,Faisalabad,Balochistan
CUST03030,Marissa Gallagher,Female,42,Karachi,Balochistan
CUST03031,Lindsay Anderson DVM,Male,25,Lahore,Punjab
CUST03032,Jesse Zavala,Male,22,Islamabad,Balochistan
CUST03033,Allison Frank,Female,22,Islamabad,Balochistan
CUST03034,Nathan Hicks,Male,58,Quetta,Punjab
CUST03035,Jennifer Reid,Male,52,Rawalpindi,KPK
CUST03036,Rebecca Rodriguez,Male,36,Lahore,Punjab
CUST03037,Jose Conley,Male,40,Peshawar,Sindh
CUST03038,Barbara Snyder,Female,26,Karachi,Punjab
CUST03039,Alexander James,Male,47,Karachi,Sindh
CUST03040,Angela Wilkins,Male,33,Quetta,Punjab
CUST03041,Andrea Hardin,Male,50,Peshawar,Sindh
CUST03042,Tricia Sanchez,Female,19,Rawalpindi,Sindh
CUST03043,Julie Lara,Male,31,Rawalpindi,Punjab
CUST03044,Donald Gomez,Male,63,Karachi,Balochistan
CUST03045,James Stevenson,Female,18,Karachi,Islamabad
CUST03046,Norma Silva,Female,43,Peshawar,Balochistan
CUST03047,Deanna Reyes,Male,42,Quetta,Sindh
CUST03048,Mary Wheeler,Male,33,Lahore,Punjab
CUST03049,Marc Miller,Male,32,Peshawar,Punjab
CUST03050,Allen Smith,Male,43,Rawalpindi,Punjab
CUST03051,Patrick Bell,Male,64,Peshawar,Punjab
CUST03052,Robert Jones,Male,61,Peshawar,Islamabad
CUST03053,Brian Hawkins,Male,33,Peshawar,KPK
CUST03054,Brian Jacobs,Male,31,Lahore,Sindh
CUST03055,Nicholas Contreras,Female,46,Multan,Islamabad
CUST03056,Justin Villa,Female,41,Karachi,Balochistan
CUST03057,Kevin Welch,Female,64,Faisalabad,KPK
CUST03058,Kathryn Brown,Male,32,Quetta,KPK
CUST03059,James Phillips,Male,36,Peshawar,Punjab
CUST03060,Lisa Moore,Female,25,Quetta,Islamabad
CUST03061,Dustin Wood,Male,51,Faisalabad,Balochistan
CUST03062,Vanessa Gonzalez,Male,19,Multan,Punjab
CUST03063,Jeremy Mueller,Female,44,Karachi,Punjab
CUST03064,Steven Hall,Female,27,Rawalpindi,Sindh
CUST03065,Ann Sullivan,Female,52,Faisalabad,KPK
CUST03066,Aaron Mcclure,Male,40,Quetta,Balochistan
CUST03067,Kayla Ross,Male,25,Quetta,KPK
CUST03068,Jon Zavala,Female,45,Quetta,Islamabad
CUST03069,Susan Fleming,Male,40,Rawalpindi,Sindh
CUST03070,Deborah Chase,Female,21,Faisalabad,Punjab
CUST03071,Mark Joseph,Female,31,Quetta,Sindh
CUST03072,Joseph Taylor,Female,59,Rawalpindi,Punjab
CUST03073,Michael Glass,Male,46,Peshawar,Sindh
CUST03074,Shawn Rodriguez,Male,18,Quetta,Punjab
CUST03075,William Harris,Female,21,Faisalabad,KPK
CUST03076,Misty Nelson,Female,49,Rawalpindi,KPK
CUST03077,David Ortiz,Female,50,Multan,KPK
CUST03078,Aaron Craig,Male,43,Lahore,KPK
CUST03079,Andrew Kim,Male,34,Rawalpindi,Sindh
CUST03080,Jennifer Callahan,Female,56,Lahore,Punjab
CUST03081,Ronald Gordon,Female,40,Lahore,KPK
CUST03082,Elizabeth Mahoney,Female,49,Karachi,Sindh
CUST03083,Sarah Mata,Male,32,Peshawar,Punjab
CUST03084,Michael Johnson,Female,30,Multan,Sindh
CUST03085,Joshua Watts,Female,19,Lahore,KPK
CUST03086,Christine Barker,Female,36,Islamabad,Islamabad
CUST03087,Christopher Huff,Male,41,Peshawar,Sindh
CUST03088,Jasmine Smith MD,Male,62,Lahore,KPK
CUST03089,Melissa Smith,Female,41,Rawalpindi,Balochistan
CUST03090,Seth Young,Male,28,Lahore,Punjab
CUST03091,Patrick Gregory,Male,39,Rawalpindi,KPK
CUST03092,John Cisneros,Female,32,Quetta,Balochistan
CUST03093,Janet Martin,Male,27,Rawalpindi,Sindh
CUST03094,Eric Washington,Female,58,Islamabad,Sindh
CUST03095,Pamela Grant,Male,44,Lahore,Balochistan
CUST03096,Sarah Flores,Female,26,Lahore,Balochistan
CUST03097,Tonya Clarke,Female,45,Faisalabad,Punjab
CUST03098,Tara Carrillo,Male,18,Peshawar,Sindh
CUST03099,Edward Smith,Male,34,Faisalabad,Balochistan
CUST03100,Sean Robinson,Male,48,Karachi,Islamabad
CUST03101,Heather Hutchinson,Male,61,Rawalpindi,Islamabad
CUST03102,James Wells,Female,27,Islamabad,Balochistan
CUST03103,Amber Bradford,Female,54,Faisalabad,Punjab
CUST03104,Jennifer Garcia,Male,46,Lahore,Sindh
CUST03105,Natasha Evans,Male,35,Karachi,Islamabad
CUST03106,Mary Johnson,Male,64,Islamabad,Balochistan
CUST03107,Lisa White,Female,55,Multan,Balochistan
CUST03108,Sean Davis,Male,56,Lahore,KPK
CUST03109,Susan Alexander,Female,23,Lahore,Balochistan
CUST03110,Hannah Ruiz,Female,57,Quetta,Punjab
CUST03111,Ryan Dominguez,Female,29,Multan,Islamabad
CUST03112,Anna Arroyo,Male,31,Rawalpindi,KPK
CUST03113,Michael Lang,Female,61,Rawalpindi,Islamabad
CUST03114,Christopher Thompson,Male,27,Faisalabad,Islamabad
CUST03115,Erin Wells,Male,37,Faisalabad,Punjab
CUST03116,Chad Fuller,Female,32,Lahore,Balochistan
CUST03117,Tammie Grimes,Female,48,Peshawar,Punjab
CUST03118,Carol Hernandez,Male,24,Lahore,Balochistan
CUST03119,Pamela Madden,Male,58,Faisalabad,KPK
CUST03120,Erica Clarke,Male,27,Multan,Punjab
CUST03121,Gerald Cline,Male,27,Faisalabad,Punjab
CUST03122,Michael Bishop,Male,56,Lahore,Sindh
CUST03123,Courtney Perry,Male,45,Islamabad,Punjab
CUST03124,Charles Meyer,Male,47,Lahore,Sindh
CUST03125,Wanda Harmon,Female,54,Islamabad,Balochistan
CUST03126,Derek Hall,Female,20,Islamabad,Balochistan
CUST03127,Dr. Keith Salinas,Female,60,Lahore,Balochistan
CUST03128,Mark Patel,Male,32,Peshawar,Sindh
CUST03129,Danielle Taylor,Female,38,Peshawar,Balochistan
CUST03130,Dustin Wheeler,Female,54,Karachi,Islamabad
CUST03131,Dawn Higgins,Female,29,Faisalabad,Punjab
CUST03132,Jennifer Wang,Female,21,Peshawar,Sindh
CUST03133,Aaron Hughes,Female,64,Rawalpindi,Balochistan
CUST03134,Justin Smith,Male,26,Lahore,Islamabad
CUST03135,Brian Shields,Male,56,Islamabad,Punjab
CUST03136,Traci Schultz,Female,59,Lahore,Punjab
CUST03137,Ann Hall,Female,45,Faisalabad,Balochistan
CUST03138,Larry Grant,Female,40,Multan,Islamabad
CUST03139,Dr. Heather Clark DDS,Male,62,Peshawar,Sindh
CUST03140,Carlos Mendez,Male,57,Peshawar,Balochistan
CUST03141,Kimberly Collins,Male,61,Peshawar,Punjab
CUST03142,Shannon Holden,Female,39,Islamabad,Punjab
CUST03143,Sandra Craig,Female,41,Rawalpindi,Punjab
CUST03144,Evan Shaffer,Male,43,Quetta,Balochistan
CUST03145,Matthew Patton MD,Male,47,Rawalpindi,KPK
CUST03146,Christopher Ramos,Male,50,Peshawar,KPK
CUST03147,Joyce Acosta,Female,33,Rawalpindi,KPK
CUST03148,Christopher Valencia,Female,39,Multan,Islamabad
CUST03149,Brandon Henderson,Female,60,Peshawar,Balochistan
CUST03150,Ashley Stout,Male,35,Karachi,Punjab
CUST03151,Michael Jenkins,Female,24,Islamabad,Islamabad
CUST03152,Levi Morris,Male,43,Multan,KPK
CUST03153,Emily Hicks,Female,25,Quetta,Sindh
CUST03154,David George,Male,23,Islamabad,Islamabad
CUST03155,Louis Smith,Male,47,Quetta,Islamabad
CUST03156,Jason Ward,Female,56,Peshawar,Balochistan
CUST03157,Christina Orr,Female,40,Multan,Islamabad
CUST03158,Cynthia Green,Male,49,Peshawar,Balochistan
CUST03159,Yolanda Powell,Female,39,Quetta,Sindh
CUST03160,Brittany Rodriguez,Male,59,Quetta,Punjab
CUST03161,Anthony Carter,Male,60,Multan,Punjab
CUST03162,Laurie Phillips,Male,62,Peshawar,KPK
CUST03163,Rachel Hurst,Male,26,Karachi,KPK
CUST03164,Vickie Fuller,Male,48,Islamabad,Sindh
CUST03165,Zachary Rocha,Male,24,Multan,Punjab
CUST03166,April Rodriguez,Male,26,Karachi,KPK
CUST03167,Joshua Chavez,Female,30,Lahore,Islamabad
CUST03168,Chad Gentry Jr.,Male,20,Peshawar,Balochistan
CUST03169,Jonathan Miller DDS,Female,52,Faisalabad,KPK
CUST03170,Ian Adams,Male,50,Multan,Sindh
CUST03171,Joseph Cruz,Female,38,Rawalpindi,Punjab
CUST03172,Joel Campbell,Male,48,Karachi,Sindh
CUST03173,Timothy Delacruz,Male,51,Karachi,Balochistan
CUST03174,Lawrence Allen,Male,49,Multan,Balochistan
CUST03175,James Blake,Male,52,Quetta,Sindh
CUST03176,Samantha Jimenez,Male,32,Karachi,KPK
CUST03177,Andrew Owens,Female,49,Lahore,KPK
CUST03178,Ronald Hoover,Female,23,Karachi,Punjab
CUST03179,Diane Allison,Female,62,Faisalabad,Punjab
CUST03180,Kim Sims,Female,38,Faisalabad,Islamabad
CUST03181,Alan Dixon,Male,50,Quetta,Islamabad
CUST03182,Scott Allen,Male,49,Peshawar,Punjab
CUST03183,Jordan Middleton,Male,36,Peshawar,Islamabad
CUST03184,Dana Carr,Male,50,Quetta,Sindh
CUST03185,Linda Russell,Male,45,Rawalpindi,KPK
CUST03186,Chad James,Male,48,Lahore,Islamabad
CUST03187,Morgan Mason,Male,38,Faisalabad,Islamabad
CUST03188,Alexis Turner,Male,51,Quetta,Sindh
CUST03189,Cameron Melendez,Female,32,Multan,Balochistan
CUST03190,Elijah Baker,Female,31,Islamabad,Punjab
CUST03191,Kyle Allen,Male,36,Islamabad,Sindh
CUST03192,Willie Ford,Female,60,Islamabad,Balochistan
CUST03193,Cynthia Jordan,Female,32,Peshawar,Sindh
CUST03194,Julia Walters,Male,23,Multan,KPK
CUST03195,David Miller,Male,26,Karachi,Sindh
CUST03196,Travis Guerra,Male,54,Multan,Sindh
CUST03197,Karen Hoover,Female,37,Karachi,KPK
CUST03198,Matthew Villanueva,Female,51,Islamabad,Punjab
CUST03199,Michelle Hernandez,Male,55,Rawalpindi,Balochistan
CUST03200,Shannon Hampton,Male,43,Rawalpindi,Islamabad
CUST03201,Kristi Merritt,Female,35,Quetta,Punjab
CUST03202,Bryan Harding,Male,45,Karachi,Sindh
CUST03203,Leah Stephens,Male,26,Islamabad,Islamabad
CUST03204,Tara Moreno,Female,49,Multan,KPK
CUST03205,Jamie Miller,Female,23,Rawalpindi,Punjab
CUST03206,Vanessa Hall,Female,31,Karachi,Balochistan
CUST03207,Tracy Miller,Female,45,Quetta,Punjab
CUST03208,Chad Marquez,Female,41,Multan,Punjab
CUST03209,Jeffrey Smith,Male,30,Islamabad,Islamabad
CUST03210,Kevin Ortega,Female,60,Lahore,KPK
CUST03211,Destiny Rivers,Male,29,Islamabad,KPK
CUST03212,Breanna Cohen,Female,36,Peshawar,Punjab
CUST03213,Craig Friedman,Male,38,Islamabad,KPK
CUST03214,Sean Keller,Female,44,Quetta,Islamabad
CUST03215,Lisa Parker,Male,36,Multan,Islamabad
CUST03216,Kevin Brennan,Male,41,Quetta,Balochistan
CUST03217,Michele Mann,Male,43,Multan,KPK
CUST03218,Gary Chapman,Male,62,Faisalabad,Balochistan
CUST03219,John Calhoun,Female,45,Faisalabad,Sindh
CUST03220,Morgan Short,Female,63,Multan,Islamabad
CUST03221,Christina Miller,Male,35,Multan,Punjab
CUST03222,Brandi Hayes,Male,61,Lahore,Islamabad
CUST03223,Maria Salinas,Male,53,Lahore,Sindh
CUST03224,Christine Roberts,Male,59,Islamabad,Punjab
CUST03225,Thomas Bentley,Male,46,Quetta,KPK
CUST03226,Michael Morales,Female,34,Peshawar,KPK
CUST03227,Margaret Gomez,Male,21,Quetta,Islamabad
CUST03228,Victoria Smith,Male,61,Rawalpindi,Punjab
CUST03229,Anna Diaz,Male,62,Quetta,Punjab
CUST03230,Tony Garcia,Male,46,Peshawar,Balochistan
CUST03231,Peter Diaz,Male,21,Lahore,Sindh
CUST03232,Jessica Collins,Female,27,Islamabad,KPK
CUST03233,Zachary Mayer,Male,42,Peshawar,Islamabad
CUST03234,Charles Williams,Male,48,Quetta,Punjab
CUST03235,Ernest Foster,Male,20,Karachi,KPK
CUST03236,Miss Kimberly Moore,Male,64,Faisalabad,Islamabad
CUST03237,Anne Pratt,Male,19,Peshawar,KPK
CUST03238,Timothy Cruz,Female,42,Rawalpindi,Islamabad
CUST03239,Melissa Pineda,Female,23,Islamabad,KPK
CUST03240,Pamela Nguyen,Female,43,Peshawar,Balochistan
CUST03241,Ann Lewis,Male,25,Multan,Sindh
CUST03242,Michelle Hill,Male,52,Quetta,KPK
CUST03243,Adam Stevenson,Male,44,Karachi,Sindh
CUST03244,Veronica White,Female,42,Faisalabad,KPK
CUST03245,Chad Adams,Female,35,Karachi,Punjab
CUST03246,Michael Gillespie,Male,18,Islamabad,Balochistan
CUST03247,Daniel Mann,Male,56,Quetta,Balochistan
CUST03248,Christine Gonzalez,Male,20,Lahore,Sindh
CUST03249,Bruce Henry,Female,21,Faisalabad,Punjab
CUST03250,Alan Martin,Female,58,Quetta,Islamabad
CUST03251,Ryan Cooper,Male,54,Karachi,Balochistan
CUST03252,Adrienne Harris,Male,32,Lahore,Punjab
CUST03253,Dakota Conrad,Female,25,Rawalpindi,Punjab
CUST03254,Taylor Nunez,Male,55,Islamabad,Sindh
CUST03255,James Stein,Male,36,Islamabad,Punjab
CUST03256,Denise Benson,Male,64,Faisalabad,Punjab
CUST03257,Tammy Jones,Female,43,Karachi,Islamabad
CUST03258,Jessica Black,Male,56,Rawalpindi,Sindh
CUST03259,Desiree Bell,Male,27,Multan,Sindh
CUST03260,Walter Johnson,Female,55,Faisalabad,Punjab
CUST03261,Angela Rodriguez,Male,31,Quetta,Islamabad
CUST03262,Kevin Green,Male,58,Multan,KPK
CUST03263,Jonathan Howell,Male,36,Faisalabad,Balochistan
CUST03264,Shawn Woodard,Male,47,Karachi,Sindh
CUST03265,Lauren Leblanc,Female,22,Rawalpindi,Islamabad
CUST03266,Christy Meyer,Male,48,Karachi,Islamabad
CUST03267,Dr. Allison Gomez MD,Male,24,Islamabad,Punjab
CUST03268,Brittany Taylor,Female,36,Multan,Balochistan
CUST03269,Ryan Barajas,Female,48,Lahore,Sindh
CUST03270,Ryan Cameron,Female,56,Peshawar,KPK
CUST03271,Rachel Martinez,Male,41,Quetta,Punjab
CUST03272,Joseph Castillo,Male,51,Islamabad,Sindh
CUST03273,Daniel Lloyd,Female,40,Islamabad,Sindh
CUST03274,Sheena Rose,Male,62,Multan,Islamabad
CUST03275,Ronnie Prince,Female,57,Quetta,Balochistan
CUST03276,Chelsea Ali,Female,23,Faisalabad,KPK
CUST03277,Amanda Roberts,Female,55,Islamabad,Balochistan
CUST03278,Zachary Cannon,Male,58,Peshawar,Islamabad
CUST03279,Caroline Mitchell,Male,53,Rawalpindi,KPK
CUST03280,James Hoffman,Female,44,Islamabad,KPK
CUST03281,Dean Whitney,Male,28,Rawalpindi,Punjab
CUST03282,Sandra Rosario,Male,22,Karachi,KPK
CUST03283,Mariah Wiggins,Female,34,Quetta,Sindh
CUST03284,Mr. Shane Green DDS,Female,24,Faisalabad,Balochistan
CUST03285,Deborah Patel,Male,44,Rawalpindi,Balochistan
CUST03286,Jay Carter,Male,64,Islamabad,Punjab
CUST03287,Daniel Nelson,Male,32,Faisalabad,KPK
CUST03288,Jason Sims,Female,63,Peshawar,Islamabad
CUST03289,Alyssa Powers,Female,30,Faisalabad,Sindh
CUST03290,Brianna Ward,Male,28,Rawalpindi,Punjab
CUST03291,Michele Hernandez,Male,62,Quetta,KPK
CUST03292,John Petty,Female,43,Rawalpindi,Islamabad
CUST03293,Frederick Jones,Male,39,Lahore,KPK
CUST03294,Richard Sherman,Male,45,Lahore,Punjab
CUST03295,Daniel Henderson,Female,41,Faisalabad,Islamabad
CUST03296,Matthew Reynolds,Male,46,Multan,Islamabad
CUST03297,Kelsey Warner,Female,26,Quetta,Islamabad
CUST03298,Randall Miller,Male,59,Multan,Islamabad
CUST03299,Deborah Taylor,Male,21,Lahore,KPK
CUST03300,Kathy Hill,Female,63,Islamabad,Islamabad
CUST03301,Stephanie Park,Male,35,Karachi,KPK
CUST03302,Kristine Elliott,Female,60,Faisalabad,Islamabad
CUST03303,Meghan Villarreal,Female,33,Karachi,Islamabad
CUST03304,Cynthia Hayes,Male,50,Lahore,Punjab
CUST03305,Maria Solis,Male,46,Rawalpindi,KPK
CUST03306,Kent Rowland,Male,56,Peshawar,KPK
CUST03307,Alexa Gonzalez,Male,27,Faisalabad,Balochistan
CUST03308,Lauren Mcdonald,Male,26,Lahore,Punjab
CUST03309,Ryan Owens,Male,48,Quetta,KPK
CUST03310,Mark Howard,Male,45,Islamabad,Punjab
CUST03311,Sara Hill,Female,20,Peshawar,Punjab
CUST03312,Lisa Knight,Female,31,Faisalabad,Punjab
CUST03313,Cynthia Gonzalez,Female,42,Faisalabad,Sindh
CUST03314,Paula Campbell,Male,32,Quetta,KPK
CUST03315,Joshua King,Male,19,Multan,Punjab
CUST03316,James Houston,Female,41,Rawalpindi,Sindh
CUST03317,Kayla Tran,Male,31,Faisalabad,Sindh
CUST03318,James Jimenez,Male,24,Rawalpindi,Islamabad
CUST03319,Angela Rogers,Female,53,Lahore,Islamabad
CUST03320,Kevin Carter,Female,41,Islamabad,KPK
CUST03321,Nicole Gutierrez,Male,44,Peshawar,Islamabad
CUST03322,Justin Donovan,Male,54,Peshawar,KPK
CUST03323,Ms. Kristy Wagner,Female,55,Islamabad,Sindh
CUST03324,Timothy Castro,Female,47,Faisalabad,Sindh
CUST03325,Vanessa Richards,Female,44,Faisalabad,KPK
CUST03326,Richard Richardson,Female,56,Lahore,Islamabad
CUST03327,Matthew Owen,Female,32,Multan,Islamabad
CUST03328,Debra Copeland,Male,43,Multan,KPK
CUST03329,Thomas Mccall,Male,18,Multan,Balochistan
CUST03330,Frank Anderson,Female,21,Rawalpindi,Islamabad
CUST03331,Margaret Carter,Female,46,Multan,Punjab
CUST03332,Carolyn Morgan,Female,18,Islamabad,Islamabad
CUST03333,Julie Moore,Male,60,Peshawar,Balochistan
CUST03334,Michelle Hubbard,Male,63,Peshawar,Sindh
CUST03335,Eric Shelton,Female,39,Rawalpindi,Sindh
CUST03336,Tracey Dixon,Female,28,Lahore,Sindh
CUST03337,Patricia Lewis,Female,27,Islamabad,Islamabad
CUST03338,Nicholas Rogers,Female,34,Peshawar,Sindh
CUST03339,Daniel Padilla,Female,53,Islamabad,Balochistan
CUST03340,Kenneth Johnson,Female,64,Peshawar,Balochistan
CUST03341,Sarah Fields,Female,43,Karachi,Islamabad
CUST03342,Sarah Torres,Female,38,Lahore,Punjab
CUST03343,Vincent Thomas,Female,30,Lahore,Islamabad
CUST03344,Gerald Lane,Male,26,Quetta,Sindh
CUST03345,Kayla Gray,Male,28,Karachi,Islamabad
CUST03346,Maria Higgins,Female,28,Rawalpindi,Balochistan
CUST03347,Anthony Stone,Male,23,Peshawar,Islamabad
CUST03348,Patrick Butler,Male,18,Quetta,Islamabad
CUST03349,Robert Smith,Male,23,Peshawar,Punjab
CUST03350,Matthew Black,Male,30,Peshawar,Balochistan
CUST03351,Devon Holden,Male,39,Multan,KPK
CUST03352,Deborah Bauer,Male,48,Multan,KPK
CUST03353,Jacob Chandler,Female,39,Multan,Balochistan
CUST03354,Cheryl Floyd,Male,54,Multan,KPK
CUST03355,Erica Dominguez,Male,64,Multan,Sindh
CUST03356,Ashley Johnson,Male,44,Karachi,KPK
CUST03357,Eric Holden,Female,31,Lahore,Sindh
CUST03358,Zachary Scott,Male,64,Rawalpindi,Balochistan
CUST03359,Brandi Holloway,Female,22,Islamabad,KPK
CUST03360,Courtney Butler,Female,53,Multan,KPK
CUST03361,Sherry Brock,Female,49,Karachi,Sindh
CUST03362,Hannah Thomas,Male,51,Quetta,Sindh
CUST03363,Laura Brown,Female,24,Quetta,Islamabad
CUST03364,Heather Thompson,Male,59,Peshawar,Punjab
CUST03365,Monica Arroyo,Female,27,Rawalpindi,KPK
CUST03366,Joann Wilson,Female,34,Quetta,Punjab
CUST03367,Brian Murray,Male,47,Rawalpindi,Punjab
CUST03368,Leslie Wright,Male,38,Rawalpindi,KPK
CUST03369,Beth May,Male,30,Karachi,Sindh
CUST03370,Glenda White,Female,18,Islamabad,Islamabad
CUST03371,Derek Smith,Male,18,Multan,Balochistan
CUST03372,Shawn Santos,Female,64,Rawalpindi,KPK
CUST03373,William Taylor,Male,50,Karachi,KPK
CUST03374,Dr. Luis Maynard,Female,55,Peshawar,Balochistan
CUST03375,Matthew Williams,Female,42,Lahore,Punjab
CUST03376,Lucas Weber,Female,43,Peshawar,Islamabad
CUST03377,Sarah Walker,Female,30,Karachi,Punjab
CUST03378,William Kemp,Male,45,Karachi,Balochistan
CUST03379,Thomas Dawson,Male,50,Karachi,Balochistan
CUST03380,Mr. Anthony Boyd,Female,54,Rawalpindi,Islamabad
CUST03381,Andre Perry,Male,58,Karachi,Balochistan
CUST03382,Edward Moses,Male,47,Lahore,Balochistan
CUST03383,Mrs. Lindsey Bennett MD,Male,25,Rawalpindi,Islamabad
CUST03384,Isaac Wade,Male,64,Peshawar,KPK
CUST03385,Shane Jones,Male,18,Lahore,Punjab
CUST03386,Gary Castillo,Female,29,Quetta,KPK
CUST03387,William Elliott,Male,22,Faisalabad,KPK
CUST03388,Charles Davis,Female,41,Peshawar,Punjab
CUST03389,Joe Kidd,Male,23,Karachi,KPK
CUST03390,Alexandra Adams,Female,42,Multan,Islamabad
CUST03391,Julia Valencia,Male,18,Multan,Punjab
CUST03392,Jessica Payne,Female,42,Rawalpindi,Sindh
CUST03393,Natalie Gutierrez,Female,18,Multan,KPK
CUST03394,Charles Wagner,Male,49,Peshawar,Balochistan
CUST03395,Christopher Fowler,Female,59,Rawalpindi,Punjab
CUST03396,Mitchell Johnson,Female,59,Peshawar,Sindh
CUST03397,Cory Taylor,Female,20,Karachi,Balochistan
CUST03398,Gregory Campbell,Female,36,Islamabad,Sindh
CUST03399,Taylor Warren,Male,60,Islamabad,KPK
CUST03400,Stephanie Gilmore,Female,46,Lahore,Balochistan
CUST03401,Scott Carrillo,Male,19,Karachi,KPK
CUST03402,Sean Davis,Male,26,Multan,Balochistan
CUST03403,Michael Owens,Female,34,Karachi,Punjab
CUST03404,Kelly Love,Male,63,Faisalabad,Islamabad
CUST03405,Christopher Wise,Female,53,Islamabad,Islamabad
CUST03406,Amy Wilson,Female,34,Multan,Sindh
CUST03407,Matthew Hill,Female,29,Peshawar,Balochistan
CUST03408,Rebecca Henderson,Female,37,Peshawar,KPK
CUST03409,Kimberly Calhoun,Male,20,Islamabad,Punjab
CUST03410,Krystal Jenkins,Male,60,Karachi,Punjab
CUST03411,Melissa Rogers,Male,21,Multan,Punjab
CUST03412,James Johnson,Male,34,Lahore,Islamabad
CUST03413,Michaela Weaver,Male,54,Peshawar,KPK
CUST03414,Rachel Howell,Male,63,Karachi,Punjab
CUST03415,April Larson,Female,59,Lahore,Punjab
CUST03416,Daniel David,Female,32,Quetta,Sindh
CUST03417,Lisa Espinoza,Male,50,Multan,Balochistan
CUST03418,Samuel Ward,Female,33,Islamabad,Balochistan
CUST03419,Jamie Moore,Male,28,Quetta,Balochistan
CUST03420,Sandra Kennedy,Male,37,Faisalabad,Sindh
CUST03421,Carlos Ward,Female,55,Quetta,Islamabad
CUST03422,Veronica Franklin,Female,41,Rawalpindi,Sindh
CUST03423,Tammy Mckenzie,Female,33,Islamabad,Punjab
CUST03424,Christopher Murray,Male,47,Lahore,KPK
CUST03425,Tyler Moore,Female,51,Karachi,Punjab
CUST03426,Mrs. Nancy Allen,Female,18,Quetta,Punjab
CUST03427,Linda Boyd,Female,41,Peshawar,KPK
CUST03428,Jeffery Sullivan,Female,41,Multan,Balochistan
CUST03429,Sheri Lane,Female,26,Quetta,Sindh
CUST03430,Deanna Haynes,Female,39,Islamabad,Islamabad
CUST03431,Robert Davis,Female,29,Peshawar,Punjab
CUST03432,Natasha Obrien,Female,34,Peshawar,Punjab
CUST03433,Amber Harris,Female,42,Faisalabad,Islamabad
CUST03434,Daniel Jones,Male,45,Multan,Sindh
CUST03435,Joshua Garcia,Female,32,Quetta,Punjab
CUST03436,Lisa Ayers,Male,47,Lahore,Islamabad
CUST03437,Amber Burnett,Male,44,Multan,Punjab
CUST03438,Sarah Allen,Female,39,Quetta,Balochistan
CUST03439,Jamie Brown,Female,27,Multan,Balochistan
CUST03440,Jeffrey Wilkins,Female,48,Karachi,Punjab
CUST03441,Joshua Moss DDS,Male,44,Rawalpindi,Punjab
CUST03442,Lucas Cook,Male,29,Quetta,Balochistan
CUST03443,Bradley Cohen,Male,63,Peshawar,Punjab
CUST03444,Anne Bradley,Female,48,Lahore,Sindh
CUST03445,William Glenn,Female,49,Quetta,Sindh
CUST03446,Tasha Lewis,Female,49,Quetta,KPK
CUST03447,Jenny Cook,Female,58,Karachi,Sindh
CUST03448,Michael Mitchell MD,Female,62,Peshawar,Punjab
CUST03449,Dawn Sawyer,Female,52,Rawalpindi,Punjab
CUST03450,Brandon Brown,Male,63,Karachi,Islamabad
CUST03451,Larry Reynolds,Male,38,Rawalpindi,Sindh
CUST03452,Julia Woods,Female,27,Rawalpindi,Balochistan
CUST03453,Katherine Young,Female,33,Rawalpindi,Balochistan
CUST03454,Crystal Walker,Male,24,Karachi,KPK
CUST03455,Douglas Allen,Female,21,Multan,Islamabad
CUST03456,Sarah Perry,Male,44,Quetta,Balochistan
CUST03457,Kathleen Young,Male,42,Rawalpindi,KPK
CUST03458,Robert Walker,Female,48,Multan,Sindh
CUST03459,Jeffrey Mejia,Female,28,Quetta,Islamabad
CUST03460,Teresa Davis,Female,37,Peshawar,Islamabad
CUST03461,Christopher Bridges,Male,53,Quetta,Punjab
CUST03462,Amanda Jackson,Male,34,Peshawar,Sindh
CUST03463,Kevin Moore,Female,62,Lahore,Islamabad
CUST03464,Margaret Gentry,Female,28,Faisalabad,KPK
CUST03465,Randall Orr,Male,47,Multan,Balochistan
CUST03466,Marc Austin,Female,52,Quetta,Sindh
CUST03467,Brittney Woods,Male,58,Peshawar,Sindh
CUST03468,Brittany Hogan,Female,55,Faisalabad,Islamabad
CUST03469,Cynthia Schmidt,Female,39,Rawalpindi,Islamabad
CUST03470,Kimberly Allen,Male,60,Faisalabad,Islamabad
CUST03471,Erica Cross,Male,44,Faisalabad,KPK
CUST03472,Wesley Phillips,Female,54,Rawalpindi,Punjab
CUST03473,Erin Cervantes,Female,63,Multan,Islamabad
CUST03474,Robert Hartman,Female,52,Quetta,Punjab
CUST03475,Angela Richmond,Female,21,Rawalpindi,Punjab
CUST03476,Jared Roberts,Female,33,Lahore,Sindh
CUST03477,John Bowman,Female,33,Islamabad,Balochistan
CUST03478,Jack Gibson,Male,38,Quetta,Balochistan
CUST03479,James Weber,Male,43,Karachi,KPK
CUST03480,Nathan Nelson,Male,53,Rawalpindi,KPK
CUST03481,Nicole Wang,Male,36,Rawalpindi,Balochistan
CUST03482,Gabrielle Lowe,Female,34,Faisalabad,Balochistan
CUST03483,Kevin Martinez,Male,62,Lahore,Sindh
CUST03484,David Singh,Female,43,Peshawar,Sindh
CUST03485,Patricia Lane,Female,39,Peshawar,Balochistan
CUST03486,James Rodriguez,Female,45,Faisalabad,Islamabad
CUST03487,Misty Shah,Male,18,Multan,Islamabad
CUST03488,Rebecca Parks,Male,61,Quetta,Sindh
CUST03489,Colleen Martin,Male,53,Rawalpindi,Punjab
CUST03490,Sharon Collins,Male,60,Quetta,Balochistan
CUST03491,Sean Perry,Male,54,Quetta,KPK
CUST03492,Kendra Giles,Female,19,Rawalpindi,Islamabad
CUST03493,Alejandra Armstrong,Female,34,Faisalabad,Punjab
CUST03494,Emily Stafford,Female,57,Quetta,Islamabad
CUST03495,Daniel Smith,Female,55,Rawalpindi,Punjab
CUST03496,Carla Singh,Male,38,Multan,Balochistan
CUST03497,Robert Garcia,Female,26,Quetta,Balochistan
CUST03498,Nicole Johnson,Female,30,Islamabad,Balochistan
CUST03499,Barry Barber,Male,28,Karachi,Sindh
CUST03500,Gregory Johnson,Female,33,Karachi,Punjab
CUST03501,Warren Cooper,Male,33,Karachi,KPK
CUST03502,James Jimenez,Female,19,Islamabad,KPK
CUST03503,Patricia Zhang,Female,59,Rawalpindi,Balochistan
CUST03504,Mariah Cook,Male,61,Faisalabad,KPK
CUST03505,Erin Wilson,Female,25,Peshawar,Islamabad
CUST03506,Michael Lewis,Female,60,Lahore,Punjab
CUST03507,Steve Oliver,Female,59,Rawalpindi,Punjab
CUST03508,Cameron Wright,Male,30,Islamabad,Punjab
CUST03509,Daniel Jackson,Female,34,Quetta,Islamabad
CUST03510,Valerie Hill,Male,56,Multan,Sindh
CUST03511,Alexis Hernandez,Male,41,Islamabad,Islamabad
CUST03512,Susan Moore,Male,20,Quetta,Punjab
CUST03513,Lisa Williams,Female,47,Peshawar,Punjab
CUST03514,Paul Hicks,Female,30,Karachi,Punjab
CUST03515,Laura Mack MD,Female,36,Rawalpindi,KPK
CUST03516,Jared Thomas,Female,24,Peshawar,Sindh
CUST03517,David Taylor,Male,26,Karachi,Islamabad
CUST03518,Vanessa Miller,Male,36,Lahore,Punjab
CUST03519,Stephanie Gardner,Male,62,Quetta,Balochistan
CUST03520,Amanda Simmons,Male,57,Quetta,Sindh
CUST03521,Renee Ferrell,Male,39,Multan,Balochistan
CUST03522,William Price,Male,35,Karachi,Sindh
CUST03523,Michael Summers,Male,40,Lahore,Punjab
CUST03524,Joe Sweeney,Male,19,Quetta,Sindh
CUST03525,Andrea Williams,Male,28,Islamabad,Sindh
CUST03526,Amanda Garcia,Male,48,Karachi,Punjab
CUST03527,Casey Fernandez,Female,50,Karachi,Balochistan
CUST03528,Rebecca Glover,Female,31,Faisalabad,Balochistan
CUST03529,Daniel Browning,Female,33,Multan,KPK
CUST03530,Amber Davis,Male,28,Multan,Balochistan
CUST03531,Heather Ellis,Male,50,Peshawar,Balochistan
CUST03532,Tina Lewis,Female,24,Islamabad,Sindh
CUST03533,Stephanie Best,Male,48,Faisalabad,KPK
CUST03534,John Green MD,Male,63,Peshawar,Punjab
CUST03535,Kelsey Bradley,Male,64,Lahore,Punjab
CUST03536,Erin Cox,Male,31,Peshawar,Islamabad
CUST03537,Daniel Harris,Male,45,Lahore,KPK
CUST03538,Cheryl Bullock,Male,60,Islamabad,Sindh
CUST03539,Shannon Bennett,Female,33,Quetta,Islamabad
CUST03540,Debra Fitzgerald,Male,36,Multan,Islamabad
CUST03541,Todd Williams,Male,34,Quetta,Punjab
CUST03542,Lawrence Castillo,Female,43,Lahore,Balochistan
CUST03543,Melissa Landry,Male,23,Islamabad,Sindh
CUST03544,Julia Montgomery,Male,60,Quetta,KPK
CUST03545,William Morrow,Female,26,Peshawar,Islamabad
CUST03546,Rebekah Johnson,Male,34,Lahore,Sindh
CUST03547,Roberto Jensen,Male,48,Rawalpindi,Punjab
CUST03548,Alyssa Anderson,Male,29,Karachi,Islamabad
CUST03549,Daniel Johnson,Male,40,Peshawar,Islamabad
CUST03550,Elizabeth Davila,Female,22,Multan,Punjab
CUST03551,Joseph Payne,Female,60,Quetta,Punjab
CUST03552,Jessica Long,Male,53,Peshawar,Punjab
CUST03553,Joseph Mccoy,Female,53,Rawalpindi,Sindh
CUST03554,Kelly Reyes,Male,20,Islamabad,Sindh
CUST03555,Sandra Wilson,Male,41,Islamabad,Sindh
CUST03556,Amy Hernandez,Female,34,Peshawar,Balochistan
CUST03557,Anna Wheeler,Male,56,Rawalpindi,Islamabad
CUST03558,Edgar Garcia,Male,43,Quetta,Sindh
CUST03559,Morgan Flores,Male,21,Peshawar,Balochistan
CUST03560,Robert Johnson,Male,62,Karachi,Islamabad
CUST03561,George Bailey,Male,29,Karachi,Sindh
CUST03562,Amy Turner,Female,18,Faisalabad,Punjab
CUST03563,Randy Watson,Male,38,Lahore,KPK
CUST03564,Jose Jones,Male,36,Faisalabad,Sindh
CUST03565,Tammie Brown,Male,38,Quetta,KPK
CUST03566,Aaron Chavez,Female,35,Karachi,Sindh
CUST03567,Carrie Vargas,Female,60,Rawalpindi,Punjab
CUST03568,Christine Banks,Female,20,Lahore,KPK
CUST03569,Timothy Wong,Female,61,Quetta,Balochistan
CUST03570,Christine Hall,Female,49,Rawalpindi,Punjab
CUST03571,Mrs. Sara Martin,Male,27,Quetta,KPK
CUST03572,Christian Moore,Male,57,Faisalabad,KPK
CUST03573,Donald Estrada,Female,32,Islamabad,Punjab
CUST03574,Casey Cooper,Female,22,Rawalpindi,Punjab
CUST03575,Erica Robertson,Female,21,Faisalabad,Punjab
CUST03576,Shelia Martinez MD,Male,45,Faisalabad,Islamabad
CUST03577,Craig Chavez,Male,21,Faisalabad,Balochistan
CUST03578,Joshua Martinez,Male,32,Islamabad,Sindh
CUST03579,Brittany Smith,Female,34,Islamabad,KPK
CUST03580,Karen Hernandez,Male,61,Peshawar,Sindh
CUST03581,Mary Lowery,Male,20,Islamabad,Punjab
CUST03582,Nicole Bell,Female,27,Lahore,Balochistan
CUST03583,Shannon White,Male,64,Islamabad,Balochistan
CUST03584,Lisa Ward,Female,59,Islamabad,Islamabad
CUST03585,Charles Haney,Male,40,Islamabad,Punjab
CUST03586,Brandon Yates,Male,35,Quetta,KPK
CUST03587,Wendy Powell,Male,18,Rawalpindi,Islamabad
CUST03588,Joshua Soto,Female,52,Islamabad,Punjab
CUST03589,Ryan Hernandez,Male,48,Lahore,Islamabad
CUST03590,Melissa Dillon,Male,61,Quetta,Sindh
CUST03591,Justin Swanson,Female,18,Faisalabad,Punjab
CUST03592,Samuel Reed,Male,20,Rawalpindi,KPK
CUST03593,Samantha Hansen,Female,20,Karachi,KPK
CUST03594,David Garza,Female,54,Quetta,Punjab
CUST03595,Makayla Harris,Male,36,Islamabad,Islamabad
CUST03596,James Leach,Female,46,Quetta,Balochistan
CUST03597,Gary Ford,Male,42,Peshawar,Punjab
CUST03598,Jeff Garcia Jr.,Female,50,Peshawar,KPK
CUST03599,Andrea Garza,Male,53,Quetta,Sindh
CUST03600,Rachel Daniel,Female,46,Faisalabad,KPK
CUST03601,Julie Cook,Male,43,Faisalabad,Balochistan
CUST03602,Christopher Lamb,Female,21,Rawalpindi,KPK
CUST03603,Christopher Stone,Male,31,Peshawar,Balochistan
CUST03604,Crystal Davis,Male,44,Karachi,Punjab
CUST03605,Mark Tran,Male,50,Multan,KPK
CUST03606,Elizabeth Swanson,Male,39,Peshawar,Islamabad
CUST03607,Christine Alexander,Female,20,Quetta,Islamabad
CUST03608,Jessica Booker,Male,40,Peshawar,KPK
CUST03609,Johnathan Manning,Female,38,Lahore,KPK
CUST03610,Karen Graham,Female,58,Multan,Sindh
CUST03611,Jeremy Moody Jr.,Female,40,Faisalabad,KPK
CUST03612,Felicia Hampton,Male,21,Multan,Sindh
CUST03613,Kelly Williams,Male,38,Peshawar,Sindh
CUST03614,Jeremy Cross,Female,54,Faisalabad,Sindh
CUST03615,Hannah Robinson,Male,60,Multan,Sindh
CUST03616,Pamela Valentine,Male,48,Faisalabad,Punjab
CUST03617,Rebecca Macdonald,Female,38,Faisalabad,Islamabad
CUST03618,Victor Watson,Female,43,Rawalpindi,Sindh
CUST03619,Michele Rogers,Female,58,Karachi,Islamabad
CUST03620,Mrs. Kimberly Marsh,Male,52,Faisalabad,Sindh
CUST03621,Jon Tapia,Female,55,Lahore,Islamabad
CUST03622,Alexander Li,Male,41,Peshawar,KPK
CUST03623,Tommy York,Male,28,Peshawar,KPK
CUST03624,Caroline Meza,Female,58,Lahore,Islamabad
CUST03625,Jennifer Camacho,Male,46,Islamabad,Sindh
CUST03626,Timothy Foster,Male,64,Faisalabad,Punjab
CUST03627,Stephanie Johnson,Male,20,Quetta,Islamabad
CUST03628,Christopher Beltran,Female,18,Faisalabad,Balochistan
CUST03629,Rebecca Ferguson,Female,36,Faisalabad,Punjab
CUST03630,Angelica Walsh,Female,63,Quetta,Balochistan
CUST03631,Deanna Haynes,Female,39,Multan,Islamabad
CUST03632,Robert Mitchell,Male,31,Faisalabad,Sindh
CUST03633,Nicole Coleman,Male,31,Faisalabad,Balochistan
CUST03634,Tanya Evans,Male,61,Lahore,Islamabad
CUST03635,David Pacheco,Male,33,Karachi,Punjab
CUST03636,Angela Wall,Male,50,Karachi,Sindh
CUST03637,Jason Todd,Female,30,Islamabad,Balochistan
CUST03638,Lisa Garcia,Male,55,Lahore,Islamabad
CUST03639,Ralph Molina,Male,29,Faisalabad,Sindh
CUST03640,Carolyn Rivera,Male,55,Karachi,Sindh
CUST03641,Jonathan Benitez,Male,56,Rawalpindi,KPK
CUST03642,Brenda Young,Female,50,Rawalpindi,Sindh
CUST03643,Mindy Moss,Male,50,Rawalpindi,Islamabad
CUST03644,Jennifer Moore,Male,46,Faisalabad,Punjab
CUST03645,Paula Baker,Female,22,Faisalabad,KPK
CUST03646,Shawn Collins,Male,23,Quetta,Islamabad
CUST03647,Collin Newton,Male,48,Islamabad,Islamabad
CUST03648,Nathaniel Lee,Male,33,Peshawar,Islamabad
CUST03649,Brenda Carter,Female,48,Islamabad,Balochistan
CUST03650,Emily King,Female,42,Islamabad,Balochistan
CUST03651,Jennifer Wilkins,Female,63,Multan,Punjab
CUST03652,Sarah Thompson,Male,50,Rawalpindi,Islamabad
CUST03653,Richard Guerra,Female,30,Faisalabad,Balochistan
CUST03654,Melanie Brown,Male,27,Rawalpindi,Balochistan
CUST03655,Stephanie Moran,Male,41,Islamabad,Balochistan
CUST03656,Jennifer Anderson,Male,27,Faisalabad,Punjab
CUST03657,Marie Wagner,Male,58,Lahore,Punjab
CUST03658,Alicia Moore,Male,48,Quetta,Islamabad
CUST03659,Sabrina Ray,Female,30,Karachi,KPK
CUST03660,Bethany Chandler,Female,20,Karachi,Islamabad
CUST03661,Oscar Stevenson,Male,51,Islamabad,Balochistan
CUST03662,Tammy Thomas,Male,45,Peshawar,Balochistan
CUST03663,Mr. Ryan Banks,Male,36,Rawalpindi,Sindh
CUST03664,Gina Barnes,Male,40,Lahore,Islamabad
CUST03665,Denise Burton,Female,62,Faisalabad,Balochistan
CUST03666,Thomas Powell,Male,49,Peshawar,Balochistan
CUST03667,Laura Arnold,Female,30,Rawalpindi,KPK
CUST03668,Olivia Hull,Male,50,Islamabad,Sindh
CUST03669,Amber Pennington,Male,51,Rawalpindi,Islamabad
CUST03670,Nicholas Roach,Male,50,Islamabad,Punjab
CUST03671,Seth Johnson,Male,22,Multan,Islamabad
CUST03672,Zachary Ramos,Male,20,Karachi,Islamabad
CUST03673,James Hess,Female,24,Peshawar,KPK
CUST03674,Kevin Johnson,Male,41,Karachi,Islamabad
CUST03675,Ryan Garrett,Female,39,Rawalpindi,KPK
CUST03676,James Harris,Male,62,Lahore,KPK
CUST03677,Claudia Taylor,Male,40,Faisalabad,Balochistan
CUST03678,Anne Carroll,Male,47,Islamabad,Punjab
CUST03679,Summer Guerra,Female,35,Faisalabad,KPK
CUST03680,Amanda Kim,Male,49,Karachi,Sindh
CUST03681,Stephanie Eaton,Female,24,Quetta,Sindh
CUST03682,Frank Green,Male,50,Lahore,Punjab
CUST03683,Alice Hughes,Female,22,Lahore,KPK
CUST03684,Dustin Hodges,Male,45,Faisalabad,Punjab
CUST03685,Michael Smith,Female,25,Karachi,Balochistan
CUST03686,Laura Stephens,Female,32,Quetta,Sindh
CUST03687,Lisa Welch,Female,21,Faisalabad,Islamabad
CUST03688,Robert Saunders,Male,51,Rawalpindi,Sindh
CUST03689,Alexander Wong,Male,22,Lahore,KPK
CUST03690,Darlene Kennedy,Male,50,Lahore,Punjab
CUST03691,Kayla Krause,Female,22,Rawalpindi,Sindh
CUST03692,Samantha Reed,Male,55,Karachi,Islamabad
CUST03693,Jessica Ferguson DDS,Female,51,Lahore,Islamabad
CUST03694,Stephanie Banks,Male,43,Peshawar,Punjab
CUST03695,Martin Doyle,Male,18,Quetta,Punjab
CUST03696,Jose Myers,Male,21,Multan,Sindh
CUST03697,Kelly Ramirez,Female,56,Multan,KPK
CUST03698,Brandon Steele,Female,43,Multan,Balochistan
CUST03699,Corey Frye,Female,50,Islamabad,Islamabad
CUST03700,Rodney Maldonado,Male,50,Peshawar,Punjab
CUST03701,James Johnson,Female,25,Islamabad,Balochistan
CUST03702,Joseph Hood,Female,37,Karachi,Balochistan
CUST03703,Michael Barnes,Male,33,Rawalpindi,Balochistan
CUST03704,Patricia Jimenez,Female,38,Faisalabad,KPK
CUST03705,Cassidy Mcintosh,Female,62,Peshawar,Punjab
CUST03706,Victor Johnson,Female,43,Quetta,Islamabad
CUST03707,Taylor Garcia PhD,Female,40,Karachi,Punjab
CUST03708,Alyssa Wolf,Male,35,Faisalabad,Sindh
CUST03709,Susan Lee,Male,48,Karachi,Islamabad
CUST03710,Jeremiah Moore,Female,59,Islamabad,Punjab
CUST03711,Maurice Liu,Male,29,Multan,Islamabad
CUST03712,Christopher Turner,Female,18,Rawalpindi,Sindh
CUST03713,James Foster,Female,59,Islamabad,Islamabad
CUST03714,Adrienne Bryant,Female,26,Rawalpindi,Balochistan
CUST03715,Ashley Mitchell,Female,20,Peshawar,KPK
CUST03716,Sue Cisneros,Male,43,Faisalabad,Sindh
CUST03717,Jeremy Mitchell,Male,26,Karachi,Islamabad
CUST03718,Justin French,Male,59,Lahore,Sindh
CUST03719,Maria Cowan,Male,33,Lahore,Balochistan
CUST03720,Christopher Sutton,Male,41,Rawalpindi,KPK
CUST03721,Raymond Williams,Male,31,Multan,Sindh
CUST03722,Christopher Mckinney,Female,20,Multan,Balochistan
CUST03723,Mark Stewart,Female,51,Rawalpindi,Balochistan
CUST03724,Laura Shields,Male,50,Islamabad,Balochistan
CUST03725,Brittany King,Male,41,Lahore,Islamabad
CUST03726,Ashley Barton,Female,26,Islamabad,Punjab
CUST03727,Daniel Perez,Male,30,Faisalabad,Sindh
CUST03728,Joseph Spence,Male,19,Lahore,Punjab
CUST03729,Timothy Johnson,Male,24,Faisalabad,Balochistan
CUST03730,Levi Saunders,Female,38,Karachi,Punjab
CUST03731,Cheyenne Brown,Male,36,Islamabad,Balochistan
CUST03732,Robert Gonzales,Female,42,Rawalpindi,Balochistan
CUST03733,Kathryn Vazquez,Male,64,Lahore,KPK
CUST03734,Anna Thompson,Male,39,Islamabad,KPK
CUST03735,Alan Martin,Male,28,Rawalpindi,Punjab
CUST03736,Mary Santana,Male,50,Karachi,Sindh
CUST03737,Lauren Fuller,Female,49,Lahore,Punjab
CUST03738,Donna Wells,Female,38,Faisalabad,Sindh
CUST03739,Tammie Thomas,Female,56,Karachi,Punjab
CUST03740,William Strickland,Female,37,Multan,Islamabad
CUST03741,Courtney Zhang,Female,25,Rawalpindi,Islamabad
CUST03742,Megan Jones,Female,59,Quetta,Sindh
CUST03743,Crystal Cantrell,Female,54,Lahore,KPK
CUST03744,Derrick Sims,Male,26,Lahore,Sindh
CUST03745,Jennifer Hall,Male,42,Peshawar,Punjab
CUST03746,Kimberly Morales,Male,42,Peshawar,Balochistan
CUST03747,Dave Schultz,Female,50,Karachi,Islamabad
CUST03748,Eileen Neal,Male,19,Lahore,Balochistan
CUST03749,Carl Huff,Male,36,Rawalpindi,Islamabad
CUST03750,Jamie Nelson,Female,63,Karachi,Punjab
CUST03751,Michael Potter,Female,37,Faisalabad,Islamabad
CUST03752,Cindy Williams,Female,59,Karachi,Sindh
CUST03753,Brian Scott,Male,58,Karachi,Balochistan
CUST03754,Carolyn Scott,Female,59,Quetta,Balochistan
CUST03755,Victoria Harrison,Male,46,Faisalabad,Punjab
CUST03756,Jeremy Hall,Male,23,Multan,Balochistan
CUST03757,April Hardy,Male,34,Peshawar,Punjab
CUST03758,Lawrence Rivera,Male,42,Rawalpindi,KPK
CUST03759,Amber Crawford,Male,55,Multan,Sindh
CUST03760,Tammy Chandler,Female,21,Multan,Islamabad
CUST03761,Erica Benjamin,Male,47,Multan,Islamabad
CUST03762,Nicole Green,Female,37,Peshawar,Islamabad
CUST03763,Jonathan Sanchez,Male,20,Islamabad,KPK
CUST03764,David Hill,Male,40,Peshawar,Sindh
CUST03765,Barbara Lopez,Male,35,Multan,Balochistan
CUST03766,Emily Kelley,Male,43,Islamabad,Balochistan
CUST03767,Susan Alexander,Female,53,Faisalabad,Sindh
CUST03768,Diana Wyatt,Male,25,Peshawar,Sindh
CUST03769,Samantha Hansen,Male,34,Rawalpindi,Islamabad
CUST03770,Raymond Harris,Male,48,Multan,Balochistan
CUST03771,Michael Leon,Male,54,Lahore,Sindh
CUST03772,Matthew Price,Female,62,Faisalabad,Balochistan
CUST03773,Elizabeth Rodriguez,Male,50,Islamabad,Sindh
CUST03774,Brittany Williamson,Female,44,Peshawar,Punjab
CUST03775,Michael Maxwell,Female,62,Rawalpindi,Islamabad
CUST03776,Rebecca Crawford,Female,21,Karachi,Sindh
CUST03777,John Scott,Female,39,Rawalpindi,KPK
CUST03778,Jordan Neal,Female,43,Rawalpindi,Sindh
CUST03779,James Wagner,Female,49,Multan,Punjab
CUST03780,Stacey Brown,Female,41,Multan,KPK
CUST03781,Trevor George,Male,63,Peshawar,KPK
CUST03782,Jose Massey,Male,52,Peshawar,Sindh
CUST03783,Catherine Donaldson,Male,54,Quetta,Punjab
CUST03784,Justin White,Female,49,Islamabad,KPK
CUST03785,Shelly Avila,Female,24,Quetta,Islamabad
CUST03786,Kristen Martin,Male,50,Peshawar,Islamabad
CUST03787,Jose Malone,Female,48,Islamabad,Balochistan
CUST03788,Donald Fleming,Male,29,Multan,Balochistan
CUST03789,Lauren Rice,Male,28,Multan,Punjab
CUST03790,Michael Moore,Female,41,Lahore,KPK
CUST03791,Victoria Schwartz,Male,25,Lahore,Islamabad
CUST03792,Andrew Gillespie,Male,49,Faisalabad,Islamabad
CUST03793,Virginia Boyd,Female,55,Multan,Punjab
CUST03794,John Johnson DDS,Female,39,Karachi,KPK
CUST03795,Kim Martin,Male,51,Lahore,Punjab
CUST03796,Anthony Ayala,Female,36,Islamabad,Sindh
CUST03797,Kevin Hall Jr.,Male,37,Rawalpindi,Islamabad
CUST03798,Kenneth Garrett,Male,31,Peshawar,Punjab
CUST03799,Jill Ellis,Male,50,Peshawar,Punjab
CUST03800,Brian Wood,Female,27,Faisalabad,Sindh
CUST03801,Meredith Miller,Male,33,Lahore,Balochistan
CUST03802,Scott Salazar,Female,21,Rawalpindi,Islamabad
CUST03803,Michael Martin,Female,44,Rawalpindi,Punjab
CUST03804,Tommy Potts,Female,45,Lahore,Islamabad
CUST03805,Monica Palmer,Male,60,Karachi,Balochistan
CUST03806,Carol Fry,Female,33,Karachi,Punjab
CUST03807,Alexis Snyder,Male,50,Faisalabad,Sindh
CUST03808,Gary Chang,Male,36,Quetta,Islamabad
CUST03809,Matthew Webb,Male,38,Karachi,Sindh
CUST03810,Chris Griffith,Male,39,Faisalabad,Balochistan
CUST03811,Richard Erickson,Female,26,Quetta,Balochistan
CUST03812,Gary Powell,Male,26,Quetta,Islamabad
CUST03813,Matthew Vincent,Male,26,Islamabad,Balochistan
CUST03814,Samuel Cross,Female,44,Quetta,KPK
CUST03815,Samantha Campbell,Male,34,Lahore,Islamabad
CUST03816,Steve Lee,Female,61,Quetta,KPK
CUST03817,Jamie Martinez,Male,62,Rawalpindi,Balochistan
CUST03818,David Diaz,Female,25,Faisalabad,Islamabad
CUST03819,Katherine Gonzalez,Female,33,Peshawar,KPK
CUST03820,Lisa King,Male,35,Karachi,Balochistan
CUST03821,Brandon Cline,Male,50,Peshawar,Punjab
CUST03822,Jennifer Jones,Male,18,Faisalabad,Punjab
CUST03823,Daniel Richards,Female,29,Multan,Sindh
CUST03824,Tony Scott,Male,23,Faisalabad,Punjab
CUST03825,Gregory Sanchez,Male,58,Karachi,KPK
CUST03826,Curtis Simpson,Male,22,Multan,Punjab
CUST03827,Susan Moore,Male,33,Multan,Islamabad
CUST03828,Matthew Long,Male,35,Quetta,Islamabad
CUST03829,Ronald Brown,Female,35,Karachi,Islamabad
CUST03830,Joseph Nash,Male,18,Multan,Punjab
CUST03831,Nicholas Lewis,Male,36,Lahore,Punjab
CUST03832,Amy Davis,Female,25,Rawalpindi,Sindh
CUST03833,Michael Fuller,Female,20,Peshawar,Balochistan
CUST03834,Yolanda Quinn,Male,42,Lahore,Sindh
CUST03835,Kelly Trujillo,Male,22,Lahore,KPK
CUST03836,Danny Cooper,Male,57,Karachi,Islamabad
CUST03837,Shane Boyd,Female,36,Quetta,Punjab
CUST03838,Crystal Bonilla DDS,Male,35,Karachi,Balochistan
CUST03839,Russell Brooks,Female,48,Peshawar,Balochistan
CUST03840,Jennifer Scott,Female,50,Rawalpindi,Punjab
CUST03841,Jonathan Hill,Male,64,Faisalabad,Sindh
CUST03842,Paul Henry,Male,35,Lahore,Balochistan
CUST03843,Mary Herring,Male,56,Multan,Sindh
CUST03844,Joseph Pratt,Male,33,Rawalpindi,Punjab
CUST03845,Nicholas Powers,Male,33,Lahore,Sindh
CUST03846,Brooke Davis,Female,64,Faisalabad,Islamabad
CUST03847,Christopher Gomez,Female,55,Quetta,Punjab
CUST03848,Megan Smith,Female,58,Multan,Punjab
CUST03849,Mallory Sherman,Female,24,Lahore,Balochistan
CUST03850,Javier Reid,Male,31,Islamabad,Balochistan
CUST03851,Manuel Lara,Male,60,Peshawar,Balochistan
CUST03852,Susan Pierce,Male,42,Rawalpindi,Islamabad
CUST03853,Angela Collins,Female,49,Peshawar,Islamabad
CUST03854,Michelle Taylor,Female,55,Karachi,KPK
CUST03855,Michael Sharp,Female,39,Lahore,Punjab
CUST03856,Jeffrey Simpson,Male,33,Multan,Balochistan
CUST03857,Michael Carroll,Male,46,Multan,Punjab
CUST03858,Cody Davidson,Female,33,Rawalpindi,Sindh
CUST03859,Samantha Obrien,Male,29,Rawalpindi,Islamabad
CUST03860,Arthur Johnson,Female,34,Peshawar,KPK
CUST03861,Cynthia Frazier,Female,54,Multan,Sindh
CUST03862,Dr. Benjamin Montgomery,Female,44,Multan,Punjab
CUST03863,Rachel Harris,Male,42,Multan,Islamabad
CUST03864,Alexandra Rivers,Male,30,Lahore,Balochistan
CUST03865,Lori Rodriguez,Male,25,Multan,Sindh
CUST03866,Jason Kelly,Male,22,Karachi,Islamabad
CUST03867,Anita Lambert,Male,29,Multan,Punjab
CUST03868,Janet Lane,Female,58,Karachi,Punjab
CUST03869,Jacob Wade,Female,20,Lahore,Sindh
CUST03870,Travis Melton,Male,52,Rawalpindi,Sindh
CUST03871,Robert Bean,Male,50,Quetta,Sindh
CUST03872,Jacob White,Male,39,Karachi,KPK
CUST03873,Craig Santiago,Male,61,Lahore,Balochistan
CUST03874,Kelly Juarez,Female,26,Quetta,Islamabad
CUST03875,Rachel Taylor,Male,58,Quetta,Punjab
CUST03876,Gene Diaz,Male,35,Multan,Punjab
CUST03877,Kristin Johnson,Male,46,Lahore,Balochistan
CUST03878,Michael Jones,Female,56,Quetta,Sindh
CUST03879,James Hudson,Female,44,Multan,Sindh
CUST03880,Leah Hughes,Male,53,Peshawar,Punjab
CUST03881,Brittney Mueller,Male,62,Lahore,Balochistan
CUST03882,Marc Dunn,Female,34,Quetta,Punjab
CUST03883,John Brady,Female,51,Rawalpindi,Sindh
CUST03884,Thomas Phillips,Male,63,Karachi,Islamabad
CUST03885,Ashley Mclean,Female,20,Peshawar,Sindh
CUST03886,Patrick Wood,Female,22,Rawalpindi,Islamabad
CUST03887,Sierra Lambert,Female,31,Islamabad,KPK
CUST03888,Kathy Smith,Female,20,Multan,Balochistan
CUST03889,Kristen Warner,Female,40,Quetta,KPK
CUST03890,Natasha Gardner,Male,56,Karachi,Sindh
CUST03891,Jennifer Reed,Female,47,Rawalpindi,Balochistan
CUST03892,Julian Elliott,Male,62,Karachi,Sindh
CUST03893,Tiffany Myers,Female,40,Islamabad,Balochistan
CUST03894,Kevin Huber,Male,44,Faisalabad,Balochistan
CUST03895,Karen Medina,Female,27,Multan,Sindh
CUST03896,Julie Pacheco,Female,42,Multan,Sindh
CUST03897,Mary Sanford,Male,30,Lahore,Balochistan
CUST03898,Matthew Moore,Female,33,Quetta,Balochistan
CUST03899,David Jones,Male,58,Multan,Sindh
CUST03900,Maurice Rivera,Female,51,Multan,Sindh
CUST03901,Laura Lewis,Male,54,Rawalpindi,Punjab
CUST03902,Shelly Keller,Male,39,Peshawar,Punjab
CUST03903,Kelly Anderson,Female,34,Multan,Punjab
CUST03904,Scott Lewis,Male,40,Multan,KPK
CUST03905,Steven Kidd,Female,53,Quetta,Balochistan
CUST03906,Emily Martin,Male,26,Islamabad,Islamabad
CUST03907,Jeffrey Serrano,Male,19,Peshawar,KPK
CUST03908,Donald Townsend,Male,49,Islamabad,Balochistan
CUST03909,Michael Sims,Female,39,Quetta,Islamabad
CUST03910,Christopher Thompson,Male,60,Karachi,Punjab
CUST03911,Katrina Scott,Male,30,Karachi,Islamabad
CUST03912,Theresa Robinson,Male,25,Multan,Sindh
CUST03913,Robert Ball DDS,Male,18,Multan,Sindh
CUST03914,Scott Walters,Female,34,Lahore,Balochistan
CUST03915,Lisa Lewis,Female,29,Karachi,KPK
CUST03916,Robert Thornton,Male,21,Rawalpindi,Punjab
CUST03917,Amy Martinez,Female,30,Multan,Balochistan
CUST03918,James Montgomery,Male,48,Rawalpindi,Punjab
CUST03919,John Mcintyre,Female,58,Multan,Sindh
CUST03920,Michelle Archer,Female,24,Quetta,KPK
CUST03921,Michael Wilkins,Female,40,Rawalpindi,KPK
CUST03922,Michael Banks,Male,41,Faisalabad,Sindh
CUST03923,Holly Romero,Female,22,Rawalpindi,Islamabad
CUST03924,Taylor Fuller,Male,22,Peshawar,KPK
CUST03925,Gabriel Leonard,Female,34,Karachi,Islamabad
CUST03926,Cory Williams,Male,47,Multan,Punjab
CUST03927,Christopher Gates,Female,26,Karachi,KPK
CUST03928,Brian Phelps,Female,23,Peshawar,Sindh
CUST03929,Jordan Ayers,Female,42,Peshawar,Islamabad
CUST03930,Arthur Williams,Male,36,Rawalpindi,Punjab
CUST03931,Aaron Bennett,Female,33,Islamabad,Punjab
CUST03932,Alice Griffin,Male,38,Islamabad,KPK
CUST03933,Christopher Wu,Female,19,Peshawar,KPK
CUST03934,Lisa Larsen,Male,27,Islamabad,Balochistan
CUST03935,Justin Dougherty,Male,33,Multan,Balochistan
CUST03936,John Hodge,Male,54,Lahore,KPK
CUST03937,Richard Dixon,Male,32,Faisalabad,Balochistan
CUST03938,Jamie Miller,Male,30,Rawalpindi,Sindh
CUST03939,Dawn Colon,Male,30,Lahore,Sindh
CUST03940,Travis Morales,Male,49,Islamabad,Balochistan
CUST03941,Gina Gibbs,Female,62,Rawalpindi,KPK
CUST03942,Brandon Garcia,Female,64,Lahore,Sindh
CUST03943,Dr. Carrie Robinson,Male,63,Karachi,Punjab
CUST03944,Andrew Powell,Male,25,Islamabad,KPK
CUST03945,Melissa Johnson,Male,60,Quetta,Islamabad
CUST03946,Stephanie Mcintyre,Male,35,Lahore,Islamabad
CUST03947,Stephanie Waters,Female,53,Quetta,KPK
CUST03948,Natalie Mullins,Female,43,Multan,Balochistan
CUST03949,Amy Phillips,Male,27,Karachi,Sindh
CUST03950,Robert Franco,Male,48,Islamabad,Sindh
CUST03951,Lisa Morgan,Male,50,Faisalabad,KPK
CUST03952,Melissa Allison,Female,46,Peshawar,Punjab
CUST03953,Adam Brown,Female,22,Islamabad,Balochistan
CUST03954,Alfred Koch,Male,30,Quetta,Punjab
CUST03955,Tyler Whitehead,Male,18,Multan,KPK
CUST03956,Douglas Powell,Female,40,Faisalabad,KPK
CUST03957,Natalie Lewis,Female,57,Faisalabad,Punjab
CUST03958,Cynthia Lee,Male,20,Faisalabad,Islamabad
CUST03959,Stanley Murphy,Male,20,Rawalpindi,KPK
CUST03960,Timothy Gonzalez,Male,24,Rawalpindi,Balochistan
CUST03961,Stephen Brennan,Female,53,Quetta,Punjab
CUST03962,Sandra Ramirez,Male,52,Peshawar,Islamabad
CUST03963,Erica Jones,Male,32,Faisalabad,Punjab
CUST03964,Heather Holt,Female,57,Peshawar,Islamabad
CUST03965,Julia Robertson,Male,20,Karachi,Islamabad
CUST03966,Michael Allen,Female,46,Faisalabad,Balochistan
CUST03967,Michael Hernandez,Male,47,Lahore,KPK
CUST03968,Jose Luna,Male,56,Faisalabad,Islamabad
CUST03969,Aaron Knight,Female,35,Quetta,KPK
CUST03970,Gerald Weaver,Male,28,Rawalpindi,Balochistan
CUST03971,Stephen Burns DDS,Female,60,Rawalpindi,KPK
CUST03972,Lauren Miller,Male,55,Lahore,Sindh
CUST03973,Michael Chung,Male,57,Lahore,Islamabad
CUST03974,Crystal Howell,Female,18,Islamabad,Balochistan
CUST03975,Jonathan Brown,Male,46,Karachi,Punjab
CUST03976,Megan Woods,Female,27,Karachi,Balochistan
CUST03977,Jessica Myers,Male,45,Quetta,Islamabad
CUST03978,Megan Thompson,Male,48,Quetta,Balochistan
CUST03979,Tanya Peterson,Male,36,Quetta,Punjab
CUST03980,Valerie Hawkins,Male,20,Quetta,Sindh
CUST03981,Aaron Holmes,Female,53,Quetta,Islamabad
CUST03982,Jeremy Madden,Female,60,Quetta,Islamabad
CUST03983,Daniel Strong,Male,32,Karachi,Balochistan
CUST03984,Melody Foster,Male,50,Multan,KPK
CUST03985,Michael George,Female,58,Rawalpindi,KPK
CUST03986,Benjamin Stevens,Female,60,Karachi,Punjab
CUST03987,Travis Berry,Male,62,Quetta,Sindh
CUST03988,Valerie Ferguson,Male,43,Islamabad,Sindh
CUST03989,Dana Graham,Male,33,Islamabad,Balochistan
CUST03990,Elizabeth Smith,Female,53,Karachi,Balochistan
CUST03991,Antonio Young,Male,50,Lahore,KPK
CUST03992,Robert Henderson,Male,37,Islamabad,Sindh
CUST03993,Latasha Phillips,Female,30,Peshawar,Sindh
CUST03994,Colleen Smith,Male,50,Lahore,Sindh
CUST03995,Jack Henry,Male,22,Peshawar,Punjab
CUST03996,Jason Thomas,Male,54,Rawalpindi,Punjab
CUST03997,Lisa Martin,Male,31,Multan,Balochistan
CUST03998,Rhonda Wheeler,Male,44,Islamabad,KPK
CUST03999,Barbara Anderson,Male,40,Lahore,Islamabad
CUST04000,Amy Dean,Male,31,Quetta,KPK
CUST04001,Lisa Burnett,Female,57,Peshawar,Punjab
CUST04002,William Johnson,Female,21,Karachi,Punjab
CUST04003,Louis Morgan,Female,56,Peshawar,Balochistan
CUST04004,Martin White,Male,36,Peshawar,Islamabad
CUST04005,Nicole Williams,Male,64,Rawalpindi,Sindh
CUST04006,Mr. Dennis Rodriguez,Male,21,Faisalabad,Islamabad
CUST04007,Lisa Foley,Male,47,Faisalabad,Islamabad
CUST04008,Holly Hicks,Male,36,Karachi,Islamabad
CUST04009,Gail Morris,Female,48,Rawalpindi,Balochistan
CUST04010,Katie Martinez,Male,48,Rawalpindi,Punjab
CUST04011,Lisa Wood,Male,26,Quetta,Sindh
CUST04012,Megan Contreras,Male,30,Rawalpindi,Islamabad
CUST04013,Amber Lopez,Female,31,Rawalpindi,Sindh
CUST04014,James Ortega,Male,63,Faisalabad,Islamabad
CUST04015,Aaron Crawford,Female,27,Lahore,Punjab
CUST04016,Matthew Durham,Male,48,Rawalpindi,Sindh
CUST04017,Christopher Williams,Female,54,Lahore,KPK
CUST04018,Troy Estrada,Female,40,Peshawar,Punjab
CUST04019,Daniel Rice,Male,44,Peshawar,Sindh
CUST04020,Shelly Dominguez,Male,23,Rawalpindi,Islamabad
CUST04021,Sarah Bowers,Male,43,Islamabad,Islamabad
CUST04022,Patrick Lopez,Male,19,Multan,Punjab
CUST04023,Kimberly Davis,Female,62,Islamabad,Punjab
CUST04024,Michael Woods,Female,30,Peshawar,Islamabad
CUST04025,Adriana Barnett,Female,36,Multan,Sindh
CUST04026,Autumn Cordova,Female,18,Islamabad,KPK
CUST04027,William Rivas,Male,57,Rawalpindi,Balochistan
CUST04028,Alyssa Gonzalez,Male,49,Lahore,Punjab
CUST04029,Daniel Franco,Female,39,Multan,Islamabad
CUST04030,Michael Curtis,Male,46,Faisalabad,Sindh
CUST04031,Mary Williams,Female,19,Karachi,Punjab
CUST04032,Jacob Frank,Male,57,Multan,Sindh
CUST04033,Elizabeth Daniels,Male,55,Multan,Punjab
CUST04034,Ms. Jennifer Hansen,Female,28,Faisalabad,Islamabad
CUST04035,Jacob Williams,Male,34,Rawalpindi,Sindh
CUST04036,Kenneth Singh II,Female,60,Islamabad,Islamabad
CUST04037,Rebecca Howard,Female,25,Islamabad,Sindh
CUST04038,Jose Maynard,Female,39,Peshawar,Punjab
CUST04039,Robert Jones,Female,21,Lahore,Balochistan
CUST04040,Lisa Williamson,Female,28,Rawalpindi,Balochistan
CUST04041,Joshua Bell,Female,25,Faisalabad,KPK
CUST04042,Taylor Mccormick,Male,26,Rawalpindi,KPK
CUST04043,Alicia Jackson,Male,43,Rawalpindi,Islamabad
CUST04044,Tina Nelson,Female,19,Islamabad,Sindh
CUST04045,Craig Austin,Male,33,Faisalabad,KPK
CUST04046,Sandra Wood,Male,48,Quetta,Punjab
CUST04047,Victor Collins,Male,23,Karachi,Balochistan
CUST04048,Robert Chavez,Female,38,Multan,Sindh
CUST04049,Brenda Roberts,Female,43,Islamabad,Balochistan
CUST04050,Bonnie Jordan,Male,36,Faisalabad,Sindh
CUST04051,Michelle Ward,Female,45,Lahore,KPK
CUST04052,William Davis,Female,25,Multan,KPK
CUST04053,Garrett Jones,Female,31,Multan,Islamabad
CUST04054,John Dennis,Female,41,Quetta,Sindh
CUST04055,Dr. Leah Carson,Female,61,Quetta,Punjab
CUST04056,Brandon Johnson,Male,54,Islamabad,KPK
CUST04057,Candace Fisher,Female,43,Peshawar,Islamabad
CUST04058,Desiree Mitchell,Male,48,Lahore,KPK
CUST04059,Jacob Conrad DDS,Female,49,Islamabad,Balochistan
CUST04060,Franklin Cummings,Female,58,Rawalpindi,KPK
CUST04061,Veronica Turner,Male,19,Peshawar,Sindh
CUST04062,Sherri Frost,Male,42,Faisalabad,Islamabad
CUST04063,Raymond Martinez,Female,61,Quetta,Sindh
CUST04064,Charles Cole,Male,19,Lahore,Punjab
CUST04065,Philip Ortiz,Female,59,Multan,Punjab
CUST04066,Bryan Wright,Male,18,Islamabad,KPK
CUST04067,Anthony Oconnor,Male,53,Quetta,Islamabad
CUST04068,Dana Gomez,Female,29,Multan,Islamabad
CUST04069,Eileen Collins,Female,26,Lahore,Islamabad
CUST04070,John Barry,Female,53,Quetta,Islamabad
CUST04071,Billy Mccoy,Male,58,Quetta,KPK
CUST04072,Tara Richardson,Female,45,Multan,Sindh
CUST04073,Brandy Garcia,Female,55,Islamabad,KPK
CUST04074,Diane Wilson,Female,50,Peshawar,Sindh
CUST04075,Lori Hunter,Female,59,Islamabad,Balochistan
CUST04076,Teresa Hull,Female,63,Karachi,Balochistan
CUST04077,Mr. Robert Smith,Male,39,Quetta,Sindh
CUST04078,Heather Rodriguez,Male,42,Multan,KPK
CUST04079,Ricardo Taylor,Female,35,Karachi,Punjab
CUST04080,Jennifer Hernandez,Male,23,Peshawar,KPK
CUST04081,Kimberly Thornton,Female,35,Karachi,Punjab
CUST04082,Ann Young,Male,33,Multan,KPK
CUST04083,Jorge Roberts,Female,32,Lahore,Islamabad
CUST04084,Kenneth Robertson,Female,25,Rawalpindi,Islamabad
CUST04085,Brianna Costa,Male,30,Peshawar,Balochistan
CUST04086,Chase Acosta,Male,60,Islamabad,Balochistan
CUST04087,Brenda York,Male,24,Faisalabad,Sindh
CUST04088,Ryan Cohen,Female,34,Peshawar,Punjab
CUST04089,Michael Erickson,Female,49,Karachi,Islamabad
CUST04090,Richard Morris,Male,39,Lahore,KPK
CUST04091,Dr. Brandon Hood DDS,Female,30,Multan,Sindh
CUST04092,Donald Thomas,Male,64,Lahore,KPK
CUST04093,Jessica Gibson,Male,40,Lahore,Islamabad
CUST04094,Dana Daniels,Female,46,Multan,Islamabad
CUST04095,Jason Harrison,Male,39,Faisalabad,Islamabad
CUST04096,Michael Ferrell,Male,18,Multan,Islamabad
CUST04097,Tracy Nielsen,Male,46,Faisalabad,KPK
CUST04098,Joseph Smith,Male,22,Multan,Sindh
CUST04099,Andrew Oneal,Male,52,Karachi,Islamabad
CUST04100,William Alexander,Male,27,Faisalabad,Balochistan
CUST04101,Melissa Norton,Female,36,Karachi,Sindh
CUST04102,Maurice Nolan,Male,54,Peshawar,Balochistan
CUST04103,Nathan Davis,Male,24,Faisalabad,KPK
CUST04104,Sarah Crawford,Male,63,Faisalabad,Islamabad
CUST04105,Lawrence Barnes,Male,52,Multan,Sindh
CUST04106,Stacey Baker,Female,62,Faisalabad,Islamabad
CUST04107,Susan Rogers,Female,30,Karachi,Islamabad
CUST04108,Patrick Hays,Male,27,Quetta,Sindh
CUST04109,Alicia Liu,Female,19,Peshawar,Islamabad
CUST04110,Kristi Bean,Female,23,Quetta,Islamabad
CUST04111,Charles Frazier,Female,25,Multan,Punjab
CUST04112,Danielle Hill,Male,53,Islamabad,Punjab
CUST04113,Michelle Fernandez,Male,42,Peshawar,Sindh
CUST04114,Alexis Brown,Male,61,Quetta,Sindh
CUST04115,Daniel Hudson,Female,64,Peshawar,Islamabad
CUST04116,Stefanie Carson,Male,57,Quetta,Balochistan
CUST04117,Luis Mcdonald,Female,24,Karachi,Sindh
CUST04118,Catherine Rodriguez,Male,63,Quetta,Islamabad
CUST04119,Larry Jennings,Male,40,Peshawar,Balochistan
CUST04120,Kimberly Salinas,Female,36,Islamabad,Punjab
CUST04121,Sarah Graham,Male,63,Lahore,Sindh
CUST04122,Jennifer Tapia,Male,39,Multan,Islamabad
CUST04123,Michael Dickerson,Female,30,Lahore,Punjab
CUST04124,Renee Mora DDS,Female,38,Multan,KPK
CUST04125,Tammy Allen,Female,18,Peshawar,Punjab
CUST04126,Connie Mcpherson,Female,36,Multan,Islamabad
CUST04127,Ryan Smith,Female,50,Quetta,Balochistan
CUST04128,Sean Sharp,Female,21,Karachi,KPK
CUST04129,Kelly Stewart,Male,59,Islamabad,KPK
CUST04130,Nicholas Bennett,Male,20,Multan,KPK
CUST04131,Nicholas Sharp,Male,44,Islamabad,Sindh
CUST04132,Kevin Walker,Male,58,Multan,Islamabad
CUST04133,Daniel Greer,Female,52,Islamabad,KPK
CUST04134,Chase Lewis,Female,45,Lahore,Punjab
CUST04135,Gary Smith,Female,23,Karachi,Balochistan
CUST04136,Olivia Greer,Male,23,Multan,Islamabad
CUST04137,Monica Peck,Female,61,Rawalpindi,Punjab
CUST04138,Peter Olson,Male,40,Islamabad,Sindh
CUST04139,Derrick Huffman,Female,50,Islamabad,KPK
CUST04140,Tracy Brown,Female,33,Quetta,Punjab
CUST04141,Mrs. Alicia Lozano,Male,41,Rawalpindi,Islamabad
CUST04142,Paula Cooper,Male,22,Karachi,Punjab
CUST04143,Brian Wilson,Male,58,Islamabad,Sindh
CUST04144,Kelly Yates,Female,59,Karachi,Balochistan
CUST04145,Kyle Martin,Female,30,Islamabad,KPK
CUST04146,Jessica Navarro,Female,64,Peshawar,Islamabad
CUST04147,Elizabeth Mcgrath,Male,29,Faisalabad,KPK
CUST04148,Charles Quinn,Male,22,Peshawar,KPK
CUST04149,Ryan Kim,Female,54,Islamabad,KPK
CUST04150,Hayden Shaw,Female,48,Faisalabad,Punjab
CUST04151,Maurice Adkins,Male,45,Multan,Punjab
CUST04152,Robert Olson,Male,45,Karachi,Balochistan
CUST04153,Christopher Bartlett,Female,47,Islamabad,Sindh
CUST04154,Stacey Lopez,Male,35,Quetta,Islamabad
CUST04155,Phillip Bullock,Male,61,Lahore,Punjab
CUST04156,Shelby Lucero,Male,44,Quetta,KPK
CUST04157,Adam Francis,Male,52,Lahore,Sindh
CUST04158,Tamara Chavez,Female,43,Rawalpindi,Islamabad
CUST04159,Stacey Barrett,Female,56,Lahore,Islamabad
CUST04160,Christopher Delgado,Female,35,Faisalabad,Islamabad
CUST04161,Matthew Ray,Male,50,Lahore,Islamabad
CUST04162,Mrs. Dawn Fischer,Male,42,Lahore,Balochistan
CUST04163,Lynn Cervantes,Male,48,Lahore,Islamabad
CUST04164,Kenneth Smith,Male,54,Islamabad,Sindh
CUST04165,Joel Gaines,Female,19,Rawalpindi,Punjab
CUST04166,Debbie Lucero,Male,50,Karachi,Sindh
CUST04167,Richard Turner,Male,56,Rawalpindi,KPK
CUST04168,Brian Hart,Male,60,Quetta,Balochistan
CUST04169,Travis Ballard,Male,60,Faisalabad,Balochistan
CUST04170,Pamela Smith PhD,Male,49,Islamabad,KPK
CUST04171,Karen Jackson,Male,35,Multan,Sindh
CUST04172,Jason Rodriguez,Female,34,Islamabad,Sindh
CUST04173,Tami Waters,Male,51,Peshawar,KPK
CUST04174,Gerald Chapman,Male,56,Lahore,Islamabad
CUST04175,Aaron Zimmerman,Female,24,Quetta,Islamabad
CUST04176,Shannon Fuller,Female,59,Lahore,Punjab
CUST04177,Max Wright,Female,52,Faisalabad,Sindh
CUST04178,Cassandra Richardson,Female,47,Multan,Sindh
CUST04179,Scott Brennan,Male,29,Quetta,KPK
CUST04180,Kristina Schneider,Male,52,Peshawar,KPK
CUST04181,Pamela Hayes,Male,28,Islamabad,Islamabad
CUST04182,Tara Martinez,Female,61,Multan,Sindh
CUST04183,Gary Marshall,Female,21,Karachi,Sindh
CUST04184,Stephen Williams,Male,42,Rawalpindi,Balochistan
CUST04185,Tamara Myers,Male,49,Islamabad,Punjab
CUST04186,April Lewis,Female,37,Multan,Punjab
CUST04187,Robin Montgomery,Male,48,Karachi,Islamabad
CUST04188,Sharon Gutierrez,Female,21,Karachi,Sindh
CUST04189,Robert Richards,Female,55,Peshawar,Balochistan
CUST04190,Eric Miller,Female,64,Peshawar,Sindh
CUST04191,William Ford,Female,18,Rawalpindi,KPK
CUST04192,Eric Collins MD,Female,20,Karachi,Islamabad
CUST04193,Benjamin Harvey,Male,54,Quetta,Punjab
CUST04194,Tammy Holmes MD,Female,39,Faisalabad,Sindh
CUST04195,Aaron Silva,Female,34,Karachi,Islamabad
CUST04196,Nicole Martinez,Male,31,Multan,Punjab
CUST04197,Jennifer Campbell,Male,58,Peshawar,Sindh
CUST04198,Pamela Morales,Male,52,Faisalabad,Balochistan
CUST04199,Gary Collier IV,Male,30,Quetta,Islamabad
CUST04200,Michael Mcbride,Female,52,Peshawar,Sindh
CUST04201,Victoria Clark,Female,60,Quetta,Punjab
CUST04202,Mark Palmer,Male,19,Peshawar,Punjab
CUST04203,George Levine,Male,64,Peshawar,Balochistan
CUST04204,Sean Wilson,Female,30,Karachi,Islamabad
CUST04205,Andrea Hall,Male,33,Lahore,Islamabad
CUST04206,Alyssa Gray,Male,35,Karachi,Sindh
CUST04207,John Miller,Female,24,Peshawar,Punjab
CUST04208,Jennifer Gilbert,Male,62,Faisalabad,Punjab
CUST04209,Janice Dominguez,Male,53,Karachi,Balochistan
CUST04210,Derek Wilson,Male,58,Peshawar,Balochistan
CUST04211,Christopher Holder,Male,47,Peshawar,Islamabad
CUST04212,Valerie Smith,Female,59,Karachi,Punjab
CUST04213,Brett Jones,Male,58,Karachi,Sindh
CUST04214,Kristi Allen DDS,Male,24,Faisalabad,KPK
CUST04215,Daniel Downs,Female,32,Quetta,Sindh
CUST04216,Matthew Lee,Female,57,Karachi,Balochistan
CUST04217,Ricky Farmer,Male,36,Rawalpindi,Sindh
CUST04218,Diane Bailey,Male,60,Multan,Punjab
CUST04219,Eric Lindsey,Female,54,Rawalpindi,Islamabad
CUST04220,James Taylor,Male,19,Faisalabad,KPK
CUST04221,Tammy Torres,Male,59,Lahore,Islamabad
CUST04222,Jennifer Sawyer,Female,30,Rawalpindi,KPK
CUST04223,Scott Ramos,Female,57,Quetta,KPK
CUST04224,Alexandra Tran,Female,58,Peshawar,Punjab
CUST04225,Robert Coleman,Female,60,Multan,Punjab
CUST04226,Michael Young,Female,60,Islamabad,Balochistan
CUST04227,Bryan Noble,Male,48,Multan,Balochistan
CUST04228,James Short,Female,33,Rawalpindi,KPK
CUST04229,Brian Schneider,Male,59,Islamabad,Balochistan
CUST04230,Audrey Rodriguez,Male,61,Faisalabad,Punjab
CUST04231,Alexis Zavala,Female,23,Quetta,Balochistan
CUST04232,Jennifer Hughes,Female,45,Multan,KPK
CUST04233,Christopher Pena MD,Male,49,Lahore,Islamabad
CUST04234,Danielle Barker,Female,61,Islamabad,Sindh
CUST04235,Linda Wallace,Male,27,Islamabad,Balochistan
CUST04236,Lindsay Morgan,Male,35,Multan,Punjab
CUST04237,Debra Hernandez,Male,21,Rawalpindi,Islamabad
CUST04238,Scott George II,Female,26,Islamabad,Punjab
CUST04239,David Lee,Female,24,Faisalabad,Balochistan
CUST04240,Jerome Barker,Male,25,Multan,KPK
CUST04241,Matthew Levy,Female,60,Faisalabad,Sindh
CUST04242,Stephanie Harvey,Male,24,Multan,Sindh
CUST04243,Matthew Cummings,Female,58,Faisalabad,Islamabad
CUST04244,Kevin Guzman,Male,57,Rawalpindi,Sindh
CUST04245,Jessica Bishop,Male,20,Multan,KPK
CUST04246,Becky Smith,Female,34,Quetta,Punjab
CUST04247,Ronald Warner,Male,19,Peshawar,KPK
CUST04248,Roger Lloyd,Male,32,Lahore,Islamabad
CUST04249,Casey Chen,Female,63,Rawalpindi,Islamabad
CUST04250,Miss Kaitlin Miller,Female,46,Faisalabad,Sindh
CUST04251,Christopher Farmer,Male,39,Quetta,KPK
CUST04252,Melissa Martinez,Male,21,Multan,Punjab
CUST04253,Melinda Mejia,Male,23,Rawalpindi,KPK
CUST04254,Jessica Hall,Male,55,Faisalabad,Punjab
CUST04255,Peter Parks,Male,43,Karachi,Punjab
CUST04256,Pamela Keller,Female,28,Karachi,KPK
CUST04257,Brian Williams,Female,43,Islamabad,Balochistan
CUST04258,Sydney Williams,Male,34,Lahore,KPK
CUST04259,Leslie Mills DDS,Male,41,Karachi,Punjab
CUST04260,Heather Lawson,Male,45,Peshawar,Islamabad
CUST04261,Emily Price,Male,52,Faisalabad,Islamabad
CUST04262,Cindy Jones,Female,48,Rawalpindi,Sindh
CUST04263,Joshua Williams,Male,30,Multan,Islamabad
CUST04264,Patrick Brown,Male,52,Rawalpindi,Balochistan
CUST04265,Susan Baker,Female,33,Islamabad,Punjab
CUST04266,Adam Roberts,Male,32,Quetta,KPK
CUST04267,Jason Garrison,Female,60,Rawalpindi,KPK
CUST04268,Alan Davis,Male,35,Karachi,Balochistan
CUST04269,Michael Young,Female,64,Rawalpindi,Islamabad
CUST04270,Joshua Le,Female,54,Karachi,Punjab
CUST04271,Makayla Hunter,Female,58,Karachi,Islamabad
CUST04272,Susan Rogers,Female,44,Lahore,Sindh
CUST04273,Michael Moreno,Male,52,Islamabad,Islamabad
CUST04274,George Martin,Male,62,Peshawar,Sindh
CUST04275,Logan Weaver,Female,52,Peshawar,KPK
CUST04276,David Young,Female,45,Faisalabad,Punjab
CUST04277,Corey Castillo,Male,56,Peshawar,Sindh
CUST04278,Evan Anderson,Male,55,Karachi,Islamabad
CUST04279,James Baker,Male,26,Multan,Islamabad
CUST04280,Robert Coffey,Male,29,Islamabad,KPK
CUST04281,Kevin Lewis,Male,32,Faisalabad,Balochistan
CUST04282,Michelle Grimes DDS,Female,38,Peshawar,Balochistan
CUST04283,Carrie Perez,Male,52,Peshawar,Islamabad
CUST04284,Holly Perry,Male,59,Multan,Balochistan
CUST04285,Michael Jones,Female,50,Rawalpindi,Punjab
CUST04286,Anna Gonzales,Female,36,Islamabad,Balochistan
CUST04287,Joshua Parker,Female,40,Multan,Punjab
CUST04288,Yolanda Blackwell,Female,30,Peshawar,Islamabad
CUST04289,Jesse Sanchez,Male,61,Islamabad,Islamabad
CUST04290,Dana Lowery,Female,18,Islamabad,Islamabad
CUST04291,Traci Morris,Male,46,Peshawar,KPK
CUST04292,Kevin Davis,Male,41,Rawalpindi,Balochistan
CUST04293,Brenda Koch,Female,33,Rawalpindi,Sindh
CUST04294,Caleb Morris,Female,42,Peshawar,Sindh
CUST04295,Jacqueline Price,Male,40,Islamabad,Islamabad
CUST04296,Mario Vance,Male,45,Multan,Balochistan
CUST04297,Charles Williams,Male,64,Lahore,Punjab
CUST04298,Thomas Best,Male,33,Karachi,Sindh
CUST04299,Natasha Kelley,Male,60,Rawalpindi,Islamabad
CUST04300,Justin Stevens,Female,55,Peshawar,Sindh
CUST04301,Kayla Ortega DDS,Male,28,Quetta,Sindh
CUST04302,Joshua Velasquez,Female,20,Lahore,Sindh
CUST04303,Robert Vega,Female,32,Rawalpindi,Islamabad
CUST04304,Tommy Glover,Female,18,Quetta,Islamabad
CUST04305,Mrs. Laura Gonzalez,Female,24,Islamabad,KPK
CUST04306,Amanda Gonzalez,Male,18,Peshawar,KPK
CUST04307,Kathy Heath,Male,49,Lahore,KPK
CUST04308,Sharon Brown,Female,26,Peshawar,Sindh
CUST04309,Hannah Stanley,Female,46,Multan,Balochistan
CUST04310,Molly Carter,Female,43,Multan,Islamabad
CUST04311,John Jacobs,Male,40,Faisalabad,KPK
CUST04312,Nichole Sloan,Female,62,Karachi,Balochistan
CUST04313,Erin Morales,Male,60,Karachi,KPK
CUST04314,Erik Fernandez,Female,46,Rawalpindi,KPK
CUST04315,Nancy Williams,Female,55,Karachi,Balochistan
CUST04316,Jill Perez,Male,50,Peshawar,KPK
CUST04317,Daniel Lopez,Female,24,Peshawar,Sindh
CUST04318,Jeremy Wagner,Male,29,Faisalabad,Sindh
CUST04319,Kenneth Kemp,Male,48,Quetta,Sindh
CUST04320,Alyssa Norris,Male,49,Multan,Punjab
CUST04321,Patrick Campbell,Female,37,Quetta,KPK
CUST04322,Barry Parker,Female,34,Quetta,Punjab
CUST04323,Christopher Munoz,Female,53,Lahore,Islamabad
CUST04324,Jeremy Williams,Male,20,Lahore,Balochistan
CUST04325,Linda French,Female,18,Multan,Islamabad
CUST04326,Tonya Coleman,Female,44,Islamabad,Punjab
CUST04327,Dana Leon,Male,64,Multan,Sindh
CUST04328,Joshua Jones,Female,57,Lahore,KPK
CUST04329,Renee Smith,Male,50,Quetta,KPK
CUST04330,Jacob Lopez,Female,37,Rawalpindi,Sindh
CUST04331,Mark Trujillo,Male,31,Faisalabad,KPK
CUST04332,David Mitchell,Male,53,Quetta,Balochistan
CUST04333,Jennifer Simmons,Male,22,Multan,Balochistan
CUST04334,Darlene Maldonado,Female,40,Islamabad,Balochistan
CUST04335,Ian Anderson,Male,62,Quetta,Islamabad
CUST04336,Brett Lang,Male,32,Rawalpindi,Sindh
CUST04337,Stacey Adams,Female,23,Multan,Balochistan
CUST04338,Jill Savage,Female,50,Rawalpindi,Punjab
CUST04339,Ryan Gutierrez,Male,36,Quetta,Balochistan
CUST04340,John Bryant,Male,30,Multan,Islamabad
CUST04341,Sally Sanders,Male,46,Rawalpindi,Punjab
CUST04342,Gary Everett,Male,23,Peshawar,Sindh
CUST04343,Thomas Keith,Female,32,Karachi,Sindh
CUST04344,Melinda Jones,Female,33,Rawalpindi,Balochistan
CUST04345,April Lee,Female,41,Peshawar,Punjab
CUST04346,Jacqueline Miller,Male,40,Quetta,Punjab
CUST04347,Danielle Warren,Female,27,Karachi,Balochistan
CUST04348,Laura Wilson,Female,58,Lahore,Balochistan
CUST04349,Robert Scott,Female,58,Karachi,KPK
CUST04350,Jasmine Cross,Female,34,Rawalpindi,KPK
CUST04351,Emily Mendoza,Female,61,Faisalabad,Balochistan
CUST04352,Jacob Jackson,Female,62,Faisalabad,Islamabad
CUST04353,Benjamin Poole,Male,47,Lahore,KPK
CUST04354,Colleen Allison,Female,61,Rawalpindi,Balochistan
CUST04355,Nicole Morris,Male,63,Karachi,Punjab
CUST04356,Karen Rice,Female,27,Faisalabad,KPK
CUST04357,Donald Smith,Male,36,Multan,Islamabad
CUST04358,Edward Bowman,Female,46,Islamabad,Sindh
CUST04359,Joe Sosa,Female,19,Rawalpindi,Punjab
CUST04360,Devon Ortiz,Male,53,Peshawar,Islamabad
CUST04361,Crystal Jennings,Male,36,Peshawar,Islamabad
CUST04362,Justin Burch,Female,24,Multan,Islamabad
CUST04363,Kevin Patterson,Female,43,Multan,Punjab
CUST04364,Jennifer Drake,Male,32,Rawalpindi,Islamabad
CUST04365,Michael Eaton,Male,64,Islamabad,Sindh
CUST04366,Leroy Bryant,Female,55,Faisalabad,KPK
CUST04367,Vanessa Ayala,Male,20,Islamabad,Punjab
CUST04368,Wesley Baxter MD,Male,55,Lahore,Islamabad
CUST04369,Edward Henson,Male,33,Karachi,Balochistan
CUST04370,Annette Smith,Male,19,Karachi,KPK
CUST04371,Herbert Lopez,Male,48,Multan,Punjab
CUST04372,Jamie Hopkins,Male,45,Faisalabad,Balochistan
CUST04373,Sierra Price,Male,24,Islamabad,Balochistan
CUST04374,Matthew Gutierrez,Male,47,Multan,Islamabad
CUST04375,Allen Kim,Male,60,Rawalpindi,Punjab
CUST04376,Ms. Rebecca Johnston PhD,Male,24,Multan,Islamabad
CUST04377,April Tyler,Male,53,Rawalpindi,Sindh
CUST04378,Sally Simmons,Female,46,Rawalpindi,Balochistan
CUST04379,Shannon Flowers,Male,41,Lahore,Sindh
CUST04380,Michelle Chaney,Male,56,Lahore,Islamabad
CUST04381,Barbara Garrett,Male,21,Rawalpindi,KPK
CUST04382,Richard Rodriguez,Male,46,Quetta,Balochistan
CUST04383,Carol Hudson,Female,61,Faisalabad,KPK
CUST04384,Tony Watkins,Female,22,Lahore,Punjab
CUST04385,Nicholas Ramos,Female,46,Lahore,Balochistan
CUST04386,Jessica Vaughn,Female,47,Karachi,Sindh
CUST04387,Logan Jefferson,Female,46,Multan,KPK
CUST04388,Linda Montes,Male,43,Karachi,Punjab
CUST04389,Casey Hamilton,Male,36,Faisalabad,Balochistan
CUST04390,Hannah Morris,Male,43,Lahore,Punjab
CUST04391,Amber Nolan,Male,54,Peshawar,Sindh
CUST04392,Elizabeth Macdonald,Male,44,Quetta,Balochistan
CUST04393,Jennifer Noble,Female,47,Lahore,Punjab
CUST04394,Angela Stone,Male,47,Islamabad,Islamabad
CUST04395,Eric Clark,Female,20,Faisalabad,Balochistan
CUST04396,Christopher Campbell,Female,60,Peshawar,Balochistan
CUST04397,Andrew Alexander,Male,24,Multan,Balochistan
CUST04398,Amanda Lyons,Male,26,Multan,Balochistan
CUST04399,Michelle Wheeler,Male,58,Peshawar,Islamabad
CUST04400,Richard Rice,Male,59,Multan,Sindh
CUST04401,James Matthews,Male,30,Quetta,Islamabad
CUST04402,Christopher Smith,Male,32,Peshawar,Islamabad
CUST04403,Dean Ray,Male,22,Faisalabad,Punjab
CUST04404,Nicole Mccarthy,Male,46,Peshawar,KPK
CUST04405,John Gutierrez,Female,52,Peshawar,KPK
CUST04406,John Myers,Female,44,Islamabad,Punjab
CUST04407,William Vasquez,Female,44,Islamabad,Islamabad
CUST04408,Paige Jones,Male,25,Karachi,Punjab
CUST04409,Antonio Thomas,Male,49,Faisalabad,Balochistan
CUST04410,Jonathan Luna,Female,37,Faisalabad,Punjab
CUST04411,Richard Fisher,Male,27,Islamabad,Punjab
CUST04412,Dr. Kim Hayes,Male,30,Rawalpindi,Balochistan
CUST04413,David Davis,Female,46,Rawalpindi,KPK
CUST04414,Daniel Johnson,Female,52,Karachi,Balochistan
CUST04415,Ryan Costa,Male,25,Quetta,Sindh
CUST04416,Joshua Flores,Male,46,Rawalpindi,Punjab
CUST04417,Laura Jones,Male,48,Rawalpindi,Punjab
CUST04418,Mary Trujillo,Male,58,Rawalpindi,KPK
CUST04419,Kevin Brandt,Male,47,Quetta,Islamabad
CUST04420,Bruce Brown,Male,39,Lahore,Balochistan
CUST04421,John Boyd,Male,38,Karachi,Islamabad
CUST04422,Derrick Cruz,Female,29,Islamabad,Sindh
CUST04423,Carrie Bauer,Female,28,Rawalpindi,Balochistan
CUST04424,Jessica Carter,Female,19,Multan,Sindh
CUST04425,Kevin Nielsen,Male,58,Peshawar,Sindh
CUST04426,Jordan Zimmerman,Male,19,Lahore,Sindh
CUST04427,Alexis Ingram,Male,51,Quetta,Balochistan
CUST04428,Dwayne Hunt,Male,20,Quetta,Balochistan
CUST04429,Steven Briggs,Male,33,Quetta,KPK
CUST04430,Erik Gutierrez,Female,21,Rawalpindi,Punjab
CUST04431,Jerry Baker,Female,40,Peshawar,Islamabad
CUST04432,Caitlin Garcia,Male,37,Peshawar,Islamabad
CUST04433,Charles Webb,Male,42,Lahore,Sindh
CUST04434,Sharon Hicks,Female,47,Karachi,Balochistan
CUST04435,Nathaniel Mccarty,Male,35,Quetta,Balochistan
CUST04436,Kathryn Pena,Male,59,Multan,Sindh
CUST04437,Lauren Webster,Male,28,Multan,Punjab
CUST04438,Michael Henderson,Female,46,Multan,Islamabad
CUST04439,Alexandra Mcdonald,Female,34,Quetta,KPK
CUST04440,Patricia Cruz,Male,43,Rawalpindi,Punjab
CUST04441,Samantha Moss,Female,40,Lahore,Balochistan
CUST04442,Heather Hall,Female,37,Quetta,Sindh
CUST04443,Wesley Morton,Male,62,Multan,Islamabad
CUST04444,Michael Beck,Male,19,Peshawar,Sindh
CUST04445,Joseph Rojas,Male,41,Quetta,Balochistan
CUST04446,Kathleen Richardson,Female,48,Peshawar,Sindh
CUST04447,Elizabeth Parker,Male,44,Faisalabad,Islamabad
CUST04448,Kimberly Snow,Female,19,Quetta,Sindh
CUST04449,Haley Harrison,Male,31,Faisalabad,Islamabad
CUST04450,Amber Carroll,Female,21,Lahore,Sindh
CUST04451,Allison Wright,Male,30,Quetta,Sindh
CUST04452,Stephen Cruz,Female,53,Rawalpindi,Islamabad
CUST04453,Margaret Mullen,Female,52,Rawalpindi,Sindh
CUST04454,Taylor Miller,Female,61,Karachi,Punjab
CUST04455,Robert Bryan,Female,25,Karachi,KPK
CUST04456,Matthew Patel,Male,19,Multan,Punjab
CUST04457,Aaron Rodriguez,Female,23,Islamabad,KPK
CUST04458,Jeremy Bates,Male,48,Peshawar,Punjab
CUST04459,Jeffery Harper,Male,27,Karachi,KPK
CUST04460,Whitney Watts,Male,61,Rawalpindi,Sindh
CUST04461,Susan Ferguson,Male,38,Peshawar,Islamabad
CUST04462,Scott Williams,Male,59,Islamabad,Islamabad
CUST04463,Jimmy Browning,Female,27,Karachi,Balochistan
CUST04464,Tiffany Williams,Male,40,Lahore,KPK
CUST04465,Roberta Day,Female,20,Faisalabad,Balochistan
CUST04466,Victoria Sanchez,Male,49,Karachi,Balochistan
CUST04467,Carrie Hayden,Male,37,Quetta,KPK
CUST04468,Olivia Gardner,Male,27,Karachi,Islamabad
CUST04469,Dale Vaughn,Female,46,Quetta,KPK
CUST04470,Jennifer Dominguez,Female,58,Lahore,Sindh
CUST04471,Patrick Shepherd,Female,63,Rawalpindi,Balochistan
CUST04472,Jonathan Lopez,Female,51,Multan,Balochistan
CUST04473,Taylor Mcfarland,Male,54,Lahore,KPK
CUST04474,Michael Garcia,Male,37,Multan,Balochistan
CUST04475,Stephanie Whitney,Female,25,Karachi,Islamabad
CUST04476,Jane Bowman,Male,24,Rawalpindi,Balochistan
CUST04477,Melanie Johnson,Male,23,Islamabad,KPK
CUST04478,Jeffrey Zhang,Male,28,Karachi,Islamabad
CUST04479,Laura Mitchell,Female,61,Lahore,Islamabad
CUST04480,Brian Black,Female,35,Islamabad,Balochistan
CUST04481,Robert Dennis,Male,59,Faisalabad,KPK
CUST04482,Jamie Carroll,Male,46,Islamabad,Balochistan
CUST04483,Robert Moreno,Female,42,Lahore,Sindh
CUST04484,Justin Lewis,Female,38,Peshawar,Sindh
CUST04485,Juan Morgan,Male,63,Islamabad,Islamabad
CUST04486,Jason Rose,Female,20,Lahore,Balochistan
CUST04487,Julie Blair,Male,35,Peshawar,Sindh
CUST04488,Patricia Wilson,Male,41,Karachi,Punjab
CUST04489,Amber Owens,Female,64,Peshawar,Sindh
CUST04490,Barbara Evans,Female,55,Rawalpindi,Balochistan
CUST04491,Natalie Gray,Male,27,Faisalabad,Balochistan
CUST04492,Larry Green,Female,44,Peshawar,Sindh
CUST04493,Kelsey Ibarra MD,Female,29,Rawalpindi,Balochistan
CUST04494,Karen Harris,Female,24,Rawalpindi,Balochistan
CUST04495,Kimberly Montoya,Female,34,Rawalpindi,Punjab
CUST04496,Kaitlyn Miller,Female,18,Peshawar,Islamabad
CUST04497,Yolanda Hicks,Male,43,Lahore,Balochistan
CUST04498,Corey Jenkins,Male,32,Quetta,KPK
CUST04499,Danielle Miller,Male,50,Lahore,Islamabad
CUST04500,Matthew Rodriguez,Male,54,Faisalabad,Islamabad
CUST04501,Eric Aguilar,Female,64,Lahore,KPK
CUST04502,Natasha Craig,Male,48,Multan,Sindh
CUST04503,Ryan Brown,Male,52,Lahore,Punjab
CUST04504,Chad King,Male,18,Lahore,Balochistan
CUST04505,Tara Price MD,Male,25,Lahore,Sindh
CUST04506,Jessica Velazquez,Male,29,Karachi,KPK
CUST04507,Rhonda Wilson,Female,36,Faisalabad,Punjab
CUST04508,Laura Hendrix,Male,42,Multan,Punjab
CUST04509,Lori Osborne,Female,49,Lahore,Punjab
CUST04510,Peter Lynch,Female,29,Quetta,KPK
CUST04511,Kelly Wilkinson,Male,30,Faisalabad,Sindh
CUST04512,Tyrone Stevens,Male,45,Islamabad,Balochistan
CUST04513,Calvin Mcclure,Male,18,Karachi,Punjab
CUST04514,Sherry Bates,Female,23,Peshawar,Punjab
CUST04515,Katherine Garcia,Female,25,Quetta,Sindh
CUST04516,Jerry Lyons,Male,21,Lahore,Punjab
CUST04517,Laura Ford,Male,22,Quetta,Punjab
CUST04518,Nicole Franco,Female,42,Multan,KPK
CUST04519,Jason Lopez,Male,39,Karachi,Islamabad
CUST04520,Rebekah King,Male,45,Multan,Sindh
CUST04521,Bradley Bryant,Female,56,Peshawar,Sindh
CUST04522,Julia Hernandez,Female,40,Peshawar,Sindh
CUST04523,Charlotte Owens,Female,21,Quetta,KPK
CUST04524,Ricardo Jensen,Female,21,Karachi,KPK
CUST04525,Kayla Nunez,Female,64,Islamabad,Balochistan
CUST04526,Jeremiah Thompson,Male,38,Quetta,KPK
CUST04527,Kenneth Campbell,Female,54,Faisalabad,Sindh
CUST04528,Erica Shepherd,Female,58,Karachi,Balochistan
CUST04529,Leslie Porter,Female,19,Rawalpindi,Islamabad
CUST04530,Autumn Delgado,Male,24,Peshawar,Punjab
CUST04531,Mary Andrade,Male,33,Islamabad,Punjab
CUST04532,Jill Lopez,Male,34,Quetta,Balochistan
CUST04533,Elizabeth Nelson,Male,37,Peshawar,Islamabad
CUST04534,Ashley Mercer,Male,40,Rawalpindi,Punjab
CUST04535,Timothy Camacho,Female,51,Islamabad,Balochistan
CUST04536,Eric Delacruz,Female,28,Peshawar,KPK
CUST04537,Austin Russell,Male,51,Rawalpindi,Sindh
CUST04538,Nicole Kelly,Female,50,Rawalpindi,Islamabad
CUST04539,Michael Snyder,Male,43,Peshawar,Punjab
CUST04540,Ryan Clark,Male,19,Quetta,Sindh
CUST04541,Terri Miles,Male,40,Peshawar,Balochistan
CUST04542,Nancy Howell,Male,58,Multan,Punjab
CUST04543,Courtney Montoya,Male,39,Karachi,Sindh
CUST04544,Christopher Dean,Male,51,Karachi,KPK
CUST04545,Christina Miller,Male,32,Islamabad,Islamabad
CUST04546,Emily Morales,Female,27,Faisalabad,Balochistan
CUST04547,David Harris,Male,32,Peshawar,Punjab
CUST04548,Jerry Smith,Female,59,Quetta,KPK
CUST04549,David Williams,Female,46,Multan,Islamabad
CUST04550,Benjamin Williams,Female,40,Karachi,Islamabad
CUST04551,Melanie Marks,Female,34,Karachi,KPK
CUST04552,Dana Anderson,Male,26,Quetta,Punjab
CUST04553,Jonathan Warren,Male,53,Multan,Islamabad
CUST04554,Nicholas Roy,Female,26,Lahore,Balochistan
CUST04555,Robin Banks,Male,33,Multan,Sindh
CUST04556,Kathleen Wright,Female,53,Quetta,Balochistan
CUST04557,Peggy Ramirez,Female,50,Karachi,Islamabad
CUST04558,Adam Daniels,Female,48,Faisalabad,Sindh
CUST04559,Jonathan Ewing,Female,23,Lahore,KPK
CUST04560,Kelly Yang,Female,27,Quetta,Sindh
CUST04561,Ann Becker,Female,33,Quetta,Sindh
CUST04562,Diane Patrick,Male,21,Rawalpindi,Sindh
CUST04563,Phillip Wood,Female,39,Multan,Islamabad
CUST04564,Lisa Randolph,Male,30,Rawalpindi,Punjab
CUST04565,Richard Baker,Male,33,Lahore,Islamabad
CUST04566,Matthew Hayes,Female,46,Lahore,Punjab
CUST04567,Robert Ryan,Male,23,Lahore,KPK
CUST04568,Russell Morris MD,Male,43,Islamabad,KPK
CUST04569,Melissa Rivers,Male,28,Multan,KPK
CUST04570,Jennifer Santos,Female,41,Quetta,KPK
CUST04571,Ryan Pace,Male,46,Peshawar,KPK
CUST04572,Lisa Burns,Female,20,Faisalabad,Balochistan
CUST04573,Mr. Nicholas Garcia,Male,27,Faisalabad,Islamabad
CUST04574,Robert Powell,Female,18,Quetta,Punjab
CUST04575,Carla Wells,Female,60,Rawalpindi,KPK
CUST04576,James Gordon,Male,43,Quetta,Balochistan
CUST04577,David Huffman,Male,29,Rawalpindi,Balochistan
CUST04578,Taylor Schmidt,Male,31,Peshawar,Balochistan
CUST04579,Emily Clark,Female,42,Rawalpindi,Islamabad
CUST04580,Danielle Dixon,Female,25,Multan,KPK
CUST04581,Alicia Morris,Female,60,Karachi,Balochistan
CUST04582,Sharon Elliott,Male,21,Rawalpindi,Balochistan
CUST04583,Jacob Rogers,Female,45,Lahore,KPK
CUST04584,Joseph Gordon,Female,24,Rawalpindi,Islamabad
CUST04585,Aimee Guerrero,Female,27,Lahore,Balochistan
CUST04586,Catherine Chen,Female,53,Islamabad,Punjab
CUST04587,Barbara Potts,Male,19,Karachi,Sindh
CUST04588,Roberta Olsen,Male,43,Karachi,Sindh
CUST04589,Jeffrey Walker,Female,31,Peshawar,Sindh
CUST04590,Eric Cardenas,Female,33,Multan,Islamabad
CUST04591,Matthew Young,Female,60,Quetta,Balochistan
CUST04592,Michael Crawford,Male,59,Multan,Sindh
CUST04593,Seth Andrews,Male,34,Faisalabad,Sindh
CUST04594,Mrs. Christina Dunlap,Male,63,Islamabad,KPK
CUST04595,Daniel Merritt,Male,39,Peshawar,Balochistan
CUST04596,Ashley Shaw,Female,21,Multan,Balochistan
CUST04597,Michelle Chapman,Female,36,Lahore,KPK
CUST04598,Michael Fletcher,Male,19,Islamabad,Balochistan
CUST04599,Debbie Roberts,Male,56,Karachi,Punjab
CUST04600,Denise Waller,Male,26,Quetta,Islamabad
CUST04601,Mr. David Brooks,Male,36,Quetta,KPK
CUST04602,Jason Vaughn,Female,33,Lahore,Sindh
CUST04603,Brendan Adkins,Female,42,Peshawar,Balochistan
CUST04604,Michelle Brown,Male,35,Peshawar,Punjab
CUST04605,Tammy Bruce,Female,40,Islamabad,Punjab
CUST04606,Justin Gross,Female,38,Karachi,Islamabad
CUST04607,Cody Clark,Female,28,Multan,Punjab
CUST04608,Michelle Cortez,Male,56,Lahore,Balochistan
CUST04609,Phillip Rivera,Female,58,Lahore,Balochistan
CUST04610,Douglas Oliver,Male,21,Karachi,Punjab
CUST04611,James Nicholson,Male,42,Lahore,Balochistan
CUST04612,Beth Levine,Male,49,Quetta,Balochistan
CUST04613,Erika Larson,Male,47,Multan,Sindh
CUST04614,David Adams,Male,62,Multan,KPK
CUST04615,Mark Gray,Male,43,Multan,Balochistan
CUST04616,Norman Bowers,Male,53,Karachi,Balochistan
CUST04617,Robert Wright,Female,51,Rawalpindi,Islamabad
CUST04618,Danielle Campbell,Female,26,Rawalpindi,KPK
CUST04619,Charlotte Hill,Male,29,Peshawar,KPK
CUST04620,Donna Waters,Female,19,Peshawar,KPK
CUST04621,Anthony Webster,Female,55,Quetta,Punjab
CUST04622,Erica Olsen,Female,22,Lahore,Sindh
CUST04623,Terry Stanley,Male,22,Multan,Sindh
CUST04624,Michael Meyers,Female,39,Lahore,Islamabad
CUST04625,Rita Aguilar,Female,22,Karachi,KPK
CUST04626,Douglas Underwood,Female,21,Lahore,KPK
CUST04627,Chad Martinez,Male,26,Faisalabad,Balochistan
CUST04628,Jeffrey Cook,Male,46,Rawalpindi,Punjab
CUST04629,Wendy Douglas,Female,39,Lahore,Punjab
CUST04630,Mr. Brandon Johnson Jr.,Male,44,Lahore,Islamabad
CUST04631,Annette Wolfe,Male,27,Islamabad,Sindh
CUST04632,Jerry Jones,Male,33,Quetta,KPK
CUST04633,Christina Clark,Female,59,Lahore,Islamabad
CUST04634,Jennifer Banks,Female,59,Faisalabad,Punjab
CUST04635,Olivia Franco,Male,27,Rawalpindi,Punjab
CUST04636,James Williams,Female,23,Islamabad,Punjab
CUST04637,Justin Wilkerson,Male,22,Quetta,KPK
CUST04638,Kayla Parker,Female,23,Karachi,KPK
CUST04639,James Hernandez,Female,64,Peshawar,KPK
CUST04640,Steve Brown,Female,42,Karachi,Balochistan
CUST04641,Miss Heidi Davis,Female,21,Rawalpindi,Sindh
CUST04642,Steven Norris,Male,57,Peshawar,Punjab
CUST04643,Cristina Perry,Female,49,Karachi,Punjab
CUST04644,Nicholas Jackson,Male,52,Quetta,Balochistan
CUST04645,Jordan Wilson,Female,27,Faisalabad,Punjab
CUST04646,Clayton Calderon,Female,51,Lahore,Punjab
CUST04647,Andrea Macdonald,Female,53,Rawalpindi,KPK
CUST04648,Todd Bryant,Male,23,Peshawar,KPK
CUST04649,Alexis Tran,Female,60,Islamabad,Sindh
CUST04650,Taylor Moss,Male,63,Lahore,Punjab
CUST04651,William Clay,Male,33,Karachi,Islamabad
CUST04652,Amanda Martin,Female,36,Karachi,Punjab
CUST04653,Daniel Dickson,Male,51,Islamabad,Punjab
CUST04654,Sarah Smith,Female,42,Faisalabad,Sindh
CUST04655,Mark Bishop,Male,48,Quetta,Islamabad
CUST04656,Denise Young,Male,58,Quetta,Punjab
CUST04657,Lindsey Paul,Female,34,Islamabad,Islamabad
CUST04658,Edward Davis,Male,64,Rawalpindi,KPK
CUST04659,Craig Doyle,Male,47,Islamabad,KPK
CUST04660,Mallory Davis,Female,56,Karachi,Islamabad
CUST04661,Alice Boone,Male,48,Faisalabad,Punjab
CUST04662,Michael Solis,Female,36,Faisalabad,Islamabad
CUST04663,Jill Wright,Male,52,Multan,Islamabad
CUST04664,Matthew Cook,Female,46,Islamabad,KPK
CUST04665,Jacob Whitaker,Female,18,Rawalpindi,Islamabad
CUST04666,Stuart Smith,Female,21,Karachi,Balochistan
CUST04667,Brandon Smith,Male,45,Lahore,Balochistan
CUST04668,Megan Kim,Female,35,Quetta,KPK
CUST04669,Shelby Huff,Female,43,Quetta,Punjab
CUST04670,Christina Estes,Female,57,Quetta,Punjab
CUST04671,Craig George,Male,36,Faisalabad,KPK
CUST04672,Kim Salazar,Female,23,Quetta,Punjab
CUST04673,Kelsey Neal,Female,18,Islamabad,Sindh
CUST04674,Samuel Hill,Male,25,Multan,Balochistan
CUST04675,Danielle Chen,Male,50,Rawalpindi,Sindh
CUST04676,Travis Allen,Female,60,Rawalpindi,Sindh
CUST04677,Brandi Meadows,Male,38,Peshawar,Sindh
CUST04678,Andrew Krueger,Female,41,Quetta,KPK
CUST04679,Nathan Day,Female,42,Karachi,Sindh
CUST04680,Eric Lee,Female,64,Faisalabad,Islamabad
CUST04681,Michael Dean,Male,60,Karachi,Punjab
CUST04682,Elizabeth Sullivan,Male,36,Quetta,KPK
CUST04683,Joseph Larson,Female,46,Multan,Islamabad
CUST04684,Austin Lester,Male,27,Lahore,Islamabad
CUST04685,Cassandra Morton,Female,29,Quetta,Balochistan
CUST04686,Joseph Savage,Male,50,Lahore,Balochistan
CUST04687,Catherine Crosby,Male,24,Lahore,Islamabad
CUST04688,Jacob Acevedo,Male,34,Rawalpindi,Balochistan
CUST04689,Ashley Gonzales,Male,27,Faisalabad,Punjab
CUST04690,Kristy Allen,Female,48,Quetta,Punjab
CUST04691,Miguel Cortez,Male,23,Karachi,Balochistan
CUST04692,Garrett Williams,Male,34,Karachi,Sindh
CUST04693,Rebecca Moss,Male,54,Multan,Islamabad
CUST04694,Lisa Cox,Male,35,Lahore,Punjab
CUST04695,Charles Stewart,Male,43,Faisalabad,Balochistan
CUST04696,Scott Knight,Female,33,Faisalabad,Balochistan
CUST04697,Allison Greer,Male,25,Multan,Punjab
CUST04698,Larry Reyes,Male,41,Islamabad,Punjab
CUST04699,Megan Lam,Male,30,Faisalabad,Sindh
CUST04700,Laura Myers,Female,46,Faisalabad,Balochistan
CUST04701,Sally Murray,Male,49,Karachi,Balochistan
CUST04702,Joseph Glenn,Male,41,Multan,KPK
CUST04703,Connor Jackson,Female,33,Quetta,Sindh
CUST04704,Anthony Woodard,Female,28,Faisalabad,Punjab
CUST04705,Megan Ayers,Male,49,Faisalabad,Punjab
CUST04706,David Davis,Male,23,Karachi,Islamabad
CUST04707,Abigail Parker,Female,52,Quetta,Punjab
CUST04708,Melissa Anderson,Male,50,Quetta,Balochistan
CUST04709,Wyatt Riley,Female,35,Faisalabad,Punjab
CUST04710,Eric Marsh,Female,54,Karachi,Balochistan
CUST04711,Jose Webster,Male,30,Islamabad,Balochistan
CUST04712,Mark Fox,Male,27,Rawalpindi,Sindh
CUST04713,Desiree Patel,Male,54,Peshawar,Punjab
CUST04714,David Duffy,Female,43,Karachi,Sindh
CUST04715,Kenneth Gutierrez,Male,63,Karachi,Balochistan
CUST04716,Kathy Cohen,Male,34,Faisalabad,Punjab
CUST04717,Whitney Powers,Female,18,Karachi,Punjab
CUST04718,Mary Smith,Female,42,Multan,Sindh
CUST04719,Mr. Isaac Schwartz,Male,51,Lahore,Sindh
CUST04720,Brandon Gibson,Female,56,Lahore,Balochistan
CUST04721,Michael Hernandez,Male,27,Islamabad,Balochistan
CUST04722,Jean Long,Male,37,Quetta,Punjab
CUST04723,David Allen,Male,24,Karachi,Punjab
CUST04724,Elizabeth Green,Male,33,Quetta,KPK
CUST04725,Roy Harvey,Male,54,Multan,KPK
CUST04726,Jennifer Johnson,Male,46,Faisalabad,Islamabad
CUST04727,Dr. Sheri Williams,Female,29,Faisalabad,Balochistan
CUST04728,Thomas Ferguson,Female,34,Peshawar,Islamabad
CUST04729,Meredith Bailey,Female,37,Rawalpindi,Islamabad
CUST04730,Kevin Cuevas,Male,43,Islamabad,Sindh
CUST04731,Elizabeth Barker,Male,36,Multan,Sindh
CUST04732,George Jacobs,Male,64,Quetta,KPK
CUST04733,Kayla Lucas,Female,29,Multan,Islamabad
CUST04734,Jessica Gross,Female,38,Peshawar,KPK
CUST04735,Lawrence Gutierrez,Male,59,Peshawar,Balochistan
CUST04736,Patrick Trujillo,Male,51,Faisalabad,Punjab
CUST04737,Nicole Carter,Male,24,Quetta,Sindh
CUST04738,Patrick Lambert,Male,62,Rawalpindi,Balochistan
CUST04739,Kyle Miller,Male,52,Faisalabad,Balochistan
CUST04740,Christy Parrish,Female,32,Rawalpindi,Sindh
CUST04741,Raymond Brown,Female,18,Lahore,Sindh
CUST04742,Nicole Jones,Male,43,Multan,Islamabad
CUST04743,Jacqueline Anderson,Male,52,Peshawar,KPK
CUST04744,Clarence Boyer,Female,42,Lahore,Balochistan
CUST04745,Robin House,Male,59,Quetta,Islamabad
CUST04746,Angela Benson,Male,32,Faisalabad,Islamabad
CUST04747,Maria Calderon,Male,39,Islamabad,Balochistan
CUST04748,Shaun Adams,Male,23,Karachi,Balochistan
CUST04749,Derek Grant,Male,32,Islamabad,Punjab
CUST04750,Karen Johnson,Female,41,Islamabad,KPK
CUST04751,Edgar Ferguson,Male,38,Karachi,Balochistan
CUST04752,Brittany Walker,Male,24,Multan,Sindh
CUST04753,Jennifer Edwards,Female,46,Lahore,Punjab
CUST04754,Helen Wilson,Male,49,Lahore,KPK
CUST04755,Sarah Martinez,Female,49,Multan,Sindh
CUST04756,Christian Macdonald,Female,22,Karachi,Sindh
CUST04757,David Walker,Male,21,Rawalpindi,KPK
CUST04758,Lori Davis,Female,39,Islamabad,Punjab
CUST04759,Michael Stevens,Male,35,Faisalabad,Sindh
CUST04760,Dana Mitchell,Female,52,Lahore,Islamabad
CUST04761,Leah Larson,Male,34,Multan,KPK
CUST04762,Dylan Gallagher,Female,41,Faisalabad,KPK
CUST04763,Thomas Richards,Female,19,Peshawar,Balochistan
CUST04764,Anthony Collins,Male,30,Karachi,Punjab
CUST04765,Evan Chung,Male,32,Faisalabad,Islamabad
CUST04766,Ross Weiss,Female,22,Quetta,Islamabad
CUST04767,Timothy Johns,Female,20,Faisalabad,Balochistan
CUST04768,Joshua Townsend,Male,54,Quetta,Sindh
CUST04769,Thomas Harrison,Female,54,Islamabad,Sindh
CUST04770,Thomas Harmon,Male,54,Karachi,Islamabad
CUST04771,Melissa Hill,Male,20,Faisalabad,Punjab
CUST04772,Erica Sampson,Male,52,Lahore,Sindh
CUST04773,Kristina Harris,Male,40,Karachi,KPK
CUST04774,Audrey Allen,Female,45,Lahore,Balochistan
CUST04775,Brianna Mcdaniel,Male,47,Multan,Punjab
CUST04776,Christine Robinson,Female,35,Multan,Sindh
CUST04777,Elijah Norton,Male,53,Peshawar,Islamabad
CUST04778,Bryan Preston,Male,50,Rawalpindi,Balochistan
CUST04779,William King,Male,43,Multan,Sindh
CUST04780,Patrick Riggs,Male,57,Faisalabad,Islamabad
CUST04781,Rebecca Williams,Male,34,Karachi,Sindh
CUST04782,Julia Little,Male,57,Multan,Balochistan
CUST04783,Angela Navarro,Female,24,Lahore,KPK
CUST04784,Melissa Meyers,Male,25,Faisalabad,KPK
CUST04785,Tara Henderson,Male,48,Multan,Islamabad
CUST04786,Walter Zamora,Male,29,Quetta,KPK
CUST04787,Jessica Lynn,Female,48,Quetta,Balochistan
CUST04788,Diana Stone,Female,61,Islamabad,Islamabad
CUST04789,Robert Quinn,Male,36,Lahore,Sindh
CUST04790,Alexa Parker,Male,27,Peshawar,Punjab
CUST04791,Stefanie Chan,Male,56,Peshawar,Sindh
CUST04792,Michelle Garcia,Female,29,Peshawar,Balochistan
CUST04793,Renee Johnson,Male,37,Lahore,Islamabad
CUST04794,Bradley Foster,Male,54,Peshawar,Sindh
CUST04795,Thomas Gould,Male,58,Rawalpindi,Islamabad
CUST04796,Robert Ramos,Male,24,Islamabad,KPK
CUST04797,Jennifer Allen,Male,31,Rawalpindi,Punjab
CUST04798,Joseph Garrett,Female,28,Quetta,Balochistan
CUST04799,Barbara Daugherty,Male,24,Multan,Sindh
CUST04800,Judy Cunningham,Female,46,Islamabad,Punjab
CUST04801,Mr. Wayne Mcdaniel,Male,27,Lahore,Balochistan
CUST04802,Jennifer Ford,Male,46,Rawalpindi,Balochistan
CUST04803,Robert Ware,Female,26,Faisalabad,KPK
CUST04804,Taylor Green,Male,53,Islamabad,Islamabad
CUST04805,Robyn Vazquez,Female,27,Lahore,Islamabad
CUST04806,Richard Owen,Male,36,Karachi,Punjab
CUST04807,Brittany Berg,Male,48,Islamabad,KPK
CUST04808,Lisa Burns,Female,34,Islamabad,Balochistan
CUST04809,Amanda Martinez,Male,26,Multan,KPK
CUST04810,Kimberly Robinson,Female,62,Faisalabad,KPK
CUST04811,Rodney Lawson,Male,50,Multan,Punjab
CUST04812,Craig Moore,Female,51,Peshawar,Islamabad
CUST04813,Michelle Powell,Male,62,Islamabad,KPK
CUST04814,Shirley Torres,Male,41,Quetta,KPK
CUST04815,Kelly Austin,Female,26,Islamabad,KPK
CUST04816,Stephanie Rodriguez,Female,24,Peshawar,Sindh
CUST04817,Luke James,Female,33,Faisalabad,KPK
CUST04818,Amanda Hardy,Female,36,Faisalabad,KPK
CUST04819,Jeffrey Herman,Female,56,Quetta,Balochistan
CUST04820,Joshua Flores,Male,23,Quetta,Sindh
CUST04821,Kelly Castillo,Male,28,Rawalpindi,KPK
CUST04822,Mark Sloan,Male,29,Lahore,KPK
CUST04823,Sarah Fitzgerald,Male,59,Lahore,Punjab
CUST04824,James Cross,Male,30,Rawalpindi,Punjab
CUST04825,Derek Vincent,Male,29,Lahore,Sindh
CUST04826,Sandra Wolf,Male,38,Islamabad,Balochistan
CUST04827,Julie Hernandez,Female,27,Rawalpindi,Sindh
CUST04828,Patricia Castro,Male,37,Rawalpindi,Sindh
CUST04829,Joshua Byrd,Male,53,Lahore,Punjab
CUST04830,Brittany Brown,Male,45,Karachi,Punjab
CUST04831,Brian Bryan,Female,41,Quetta,Balochistan
CUST04832,Howard Wilson,Female,22,Lahore,KPK
CUST04833,Tasha Harris,Female,54,Multan,Balochistan
CUST04834,Amy Hernandez,Male,29,Karachi,KPK
CUST04835,Amanda Garcia,Male,52,Rawalpindi,Islamabad
CUST04836,Jessica Nelson,Male,57,Karachi,Punjab
CUST04837,Jane Brooks,Male,19,Islamabad,Islamabad
CUST04838,Cynthia Alexander,Male,58,Faisalabad,Islamabad
CUST04839,Steven Smith,Male,62,Karachi,Punjab
CUST04840,Jessica Wong,Male,56,Multan,Islamabad
CUST04841,Gerald Acevedo,Female,59,Faisalabad,Sindh
CUST04842,Laurie Jackson,Female,26,Islamabad,KPK
CUST04843,Guy Bell,Male,39,Multan,Balochistan
CUST04844,Kelli Anderson,Male,64,Peshawar,Punjab
CUST04845,Gregory Wilkerson,Male,22,Faisalabad,Sindh
CUST04846,Diana Moore,Male,29,Peshawar,Balochistan
CUST04847,Stephen Cole,Female,18,Islamabad,Balochistan
CUST04848,Laurie Buckley,Male,61,Faisalabad,Balochistan
CUST04849,Molly Gonzales,Female,39,Faisalabad,Islamabad
CUST04850,Tammy Little,Male,55,Lahore,Islamabad
CUST04851,Cory Osborne,Female,36,Multan,Islamabad
CUST04852,Timothy Mendez DDS,Male,33,Quetta,Islamabad
CUST04853,Eddie Sanders,Female,48,Multan,Sindh
CUST04854,Christina Schmidt,Male,20,Karachi,Islamabad
CUST04855,Sharon Turner,Female,40,Peshawar,Punjab
CUST04856,Douglas Cunningham,Male,59,Peshawar,Balochistan
CUST04857,Aaron Brown,Male,35,Multan,Sindh
CUST04858,Darren Cook,Female,43,Multan,Islamabad
CUST04859,Keith Edwards,Female,30,Faisalabad,Balochistan
CUST04860,Darrell Taylor,Female,35,Peshawar,Sindh
CUST04861,Meredith Buchanan,Female,20,Rawalpindi,Balochistan
CUST04862,Julie Johnston,Female,40,Quetta,Sindh
CUST04863,Mark Gibson,Male,20,Lahore,KPK
CUST04864,Richard Hale,Male,42,Quetta,Sindh
CUST04865,Joel Rodgers,Male,44,Karachi,Islamabad
CUST04866,Tracy Mason,Female,61,Quetta,Balochistan
CUST04867,Victoria Smith,Male,44,Lahore,Balochistan
CUST04868,Austin Burnett,Male,56,Karachi,Balochistan
CUST04869,Amanda Cooper,Female,42,Islamabad,Punjab
CUST04870,Angela Dyer,Female,41,Faisalabad,Punjab
CUST04871,Kenneth Weber,Male,25,Multan,Islamabad
CUST04872,Jodi Watkins,Male,26,Multan,KPK
CUST04873,Vincent Carpenter,Male,63,Rawalpindi,Punjab
CUST04874,Sean Hicks,Male,54,Quetta,Sindh
CUST04875,William Roberts,Male,47,Peshawar,Islamabad
CUST04876,David Norton,Female,36,Peshawar,KPK
CUST04877,Adrian Lee,Female,33,Lahore,Sindh
CUST04878,John Rose,Female,41,Lahore,Balochistan
CUST04879,Dr. Robert Harvey,Male,61,Lahore,Punjab
CUST04880,Jennifer James,Female,38,Peshawar,Sindh
CUST04881,Ryan Harrison Jr.,Male,53,Multan,KPK
CUST04882,Carmen Cook,Male,57,Peshawar,Islamabad
CUST04883,Kevin Bell,Female,56,Lahore,Sindh
CUST04884,Fred Davis,Male,64,Faisalabad,Islamabad
CUST04885,Amber Mckinney,Male,23,Karachi,Balochistan
CUST04886,Michael Valenzuela,Female,22,Multan,KPK
CUST04887,Sara Taylor,Male,31,Faisalabad,KPK
CUST04888,Sarah Waller,Female,62,Islamabad,Punjab
CUST04889,Maria Freeman,Male,59,Quetta,KPK
CUST04890,Robert Gutierrez,Female,21,Faisalabad,Sindh
CUST04891,Travis Gomez,Male,25,Quetta,Sindh
CUST04892,Jennifer Murray,Male,41,Faisalabad,Sindh
CUST04893,Justin Patton,Female,28,Islamabad,Balochistan
CUST04894,Lucas Lewis,Male,34,Faisalabad,KPK
CUST04895,Gina Martin,Male,38,Karachi,KPK
CUST04896,Steven Wells,Male,43,Multan,Sindh
CUST04897,Gregory Robinson,Male,60,Quetta,Punjab
CUST04898,Charles Adkins,Male,61,Rawalpindi,Punjab
CUST04899,Kristina Stone,Male,62,Peshawar,KPK
CUST04900,John Stewart,Female,44,Islamabad,KPK
CUST04901,Mr. Jeffrey Sandoval,Male,33,Quetta,Islamabad
CUST04902,Samuel Davis,Male,43,Multan,KPK
CUST04903,Mr. Jordan King,Male,50,Lahore,Sindh
CUST04904,Lawrence Odonnell,Male,48,Quetta,Balochistan
CUST04905,Jeremiah Blair,Female,64,Karachi,KPK
CUST04906,Sherry Pugh,Male,23,Rawalpindi,KPK
CUST04907,Susan Suarez,Female,61,Karachi,Sindh
CUST04908,Tracy Grant,Male,25,Quetta,Islamabad
CUST04909,Richard White,Female,24,Karachi,KPK
CUST04910,Vincent Gamble,Male,51,Lahore,Punjab
CUST04911,Rhonda Robbins,Female,61,Rawalpindi,Punjab
CUST04912,Jordan Guerrero,Female,31,Peshawar,Punjab
CUST04913,Teresa Garcia,Male,33,Karachi,Balochistan
CUST04914,Rachel Smith,Male,60,Lahore,Balochistan
CUST04915,Nathan May,Male,26,Islamabad,KPK
CUST04916,Bobby Salinas,Female,27,Lahore,KPK
CUST04917,Joseph Brown,Male,34,Faisalabad,KPK
CUST04918,Meredith Lee,Male,29,Quetta,Balochistan
CUST04919,Dylan Snyder,Female,23,Multan,KPK
CUST04920,Leslie Wright,Male,36,Quetta,Sindh
CUST04921,Leslie Torres,Female,60,Quetta,Islamabad
CUST04922,Peter Howard,Female,58,Lahore,Punjab
CUST04923,Jennifer Jones,Female,46,Lahore,Punjab
CUST04924,Kelly Dudley,Female,23,Lahore,Sindh
CUST04925,Robert Lee,Male,42,Quetta,KPK
CUST04926,David Gallegos,Male,41,Peshawar,Balochistan
CUST04927,Tracy Pearson,Male,42,Karachi,KPK
CUST04928,David Shelton,Male,33,Peshawar,KPK
CUST04929,Michael Todd,Female,33,Rawalpindi,Punjab
CUST04930,Amber Vasquez,Female,23,Lahore,Punjab
CUST04931,Shaun Sullivan,Male,54,Lahore,Balochistan
CUST04932,Diane Scott,Male,38,Faisalabad,Punjab
CUST04933,Dustin Bush,Female,21,Faisalabad,KPK
CUST04934,Mason Young,Male,51,Islamabad,Sindh
CUST04935,Jason Atkinson,Male,45,Islamabad,Balochistan
CUST04936,Kurt Savage,Male,55,Faisalabad,Sindh
CUST04937,Eric Brown,Female,58,Rawalpindi,KPK
CUST04938,Michael Keller,Female,45,Islamabad,Balochistan
CUST04939,Christina Shaw,Female,34,Multan,Sindh
CUST04940,Kevin Peterson,Female,31,Multan,Balochistan
CUST04941,Melanie Anderson,Male,24,Rawalpindi,KPK
CUST04942,Stephanie Williams,Male,39,Faisalabad,Balochistan
CUST04943,Kimberly Morris,Female,18,Islamabad,KPK
CUST04944,Dean Lewis,Male,46,Lahore,Balochistan
CUST04945,Julie Jackson,Female,48,Faisalabad,Balochistan
CUST04946,David Richard,Female,47,Islamabad,Punjab
CUST04947,Timothy Holmes,Female,32,Rawalpindi,KPK
CUST04948,Jeffrey Ramos,Female,35,Multan,Islamabad
CUST04949,Timothy Moore,Female,52,Quetta,Balochistan
CUST04950,Kristen Gill,Female,47,Rawalpindi,Sindh
CUST04951,Amy Ramsey,Male,51,Quetta,Punjab
CUST04952,Thomas Krueger,Male,59,Islamabad,Punjab
CUST04953,Brady Frye,Male,28,Rawalpindi,Balochistan
CUST04954,Jeffrey Powers,Female,44,Islamabad,Islamabad
CUST04955,Kevin Young,Male,41,Islamabad,Punjab
CUST04956,Sara James,Female,52,Quetta,KPK
CUST04957,Sandra Richardson,Male,56,Rawalpindi,Balochistan
CUST04958,Kiara Brooks,Female,25,Karachi,Balochistan
CUST04959,Lisa Jones,Male,35,Lahore,Islamabad
CUST04960,Samuel Gutierrez,Female,30,Faisalabad,KPK
CUST04961,Anthony Curtis,Male,62,Multan,KPK
CUST04962,Mr. Jesse Weeks,Male,41,Lahore,Islamabad
CUST04963,Cheryl White,Male,40,Faisalabad,Sindh
CUST04964,Spencer Brown,Female,29,Faisalabad,KPK
CUST04965,Cody Bell,Male,47,Multan,Sindh
CUST04966,Steven Hayes,Male,48,Lahore,Sindh
CUST04967,Susan Church,Female,45,Multan,Balochistan
CUST04968,Jeremiah Norton,Female,39,Islamabad,Balochistan
CUST04969,Christian Cook,Female,61,Multan,Punjab
CUST04970,Jonathan Duncan,Male,45,Quetta,Balochistan
CUST04971,Justin Williams,Male,30,Quetta,KPK
CUST04972,Brian Gardner,Female,42,Rawalpindi,KPK
CUST04973,Bryan Flores,Male,61,Karachi,Sindh
CUST04974,Ashley Wyatt MD,Female,63,Karachi,KPK
CUST04975,Nicole Allen,Male,24,Karachi,Balochistan
CUST04976,Anna Case,Male,62,Lahore,Balochistan
CUST04977,Angelica Franklin,Male,23,Quetta,Balochistan
CUST04978,Anna Green DDS,Male,41,Lahore,Islamabad
CUST04979,Stacy Shields,Male,36,Islamabad,KPK
CUST04980,Patricia Evans,Male,36,Peshawar,Punjab
CUST04981,Walter Peck,Female,53,Karachi,KPK
CUST04982,Jennifer Schmidt,Male,26,Islamabad,KPK
CUST04983,Richard Bradford,Female,53,Quetta,Islamabad
CUST04984,Charles Brown,Female,55,Peshawar,KPK
CUST04985,Sean Wilson,Female,57,Karachi,Sindh
CUST04986,Lisa Santiago,Male,46,Lahore,Balochistan
CUST04987,Virginia Bryant,Female,41,Peshawar,Balochistan
CUST04988,Ryan Sims,Female,22,Rawalpindi,Islamabad
CUST04989,Tony Green,Female,59,Rawalpindi,Balochistan
CUST04990,Joyce Woods,Female,62,Rawalpindi,Sindh
CUST04991,Susan Jacobs,Female,43,Multan,Islamabad
CUST04992,Wayne Brown,Female,31,Rawalpindi,Punjab
CUST04993,Robert Larson,Male,56,Faisalabad,Balochistan
CUST04994,David Torres,Female,46,Karachi,KPK
CUST04995,Thomas Hill,Male,23,Rawalpindi,Sindh
CUST04996,Andrew Campbell,Female,24,Peshawar,Sindh
CUST04997,Catherine Daugherty,Male,54,Quetta,Balochistan
CUST04998,Donald Oneal,Male,35,Faisalabad,Punjab
CUST04999,David Mckenzie,Female,40,Faisalabad,KPK
CUST05000,Craig Soto,Female,61,Faisalabad,Punjab
